data;horario;n_da_ocorrencia;tipo_de_ocorrencia;km;trecho;sentido;tipo_de_acidente;automovel;bicicleta;caminhao;moto;onibus;outros;tracao_animal;transporte_de_cargas_especiais;trator_maquinas;utilitarios;ilesos;levemente_feridos;moderadamente_feridos;gravemente_feridos;mortos
"20/02/2023";"19:53:00";"175";"AC03-ACIDE";"182,034";"BR-163/PA";"Sul";"Saida de Pista";0;0;1;0;0;0;0;0;0;0;1;0;0;0;0
"21/02/2023";"05:11:00";"30";"AC02-ACIDE";"499,438";"BR-163/PA";"Norte";"Tombamento";0;0;1;0;0;1;0;0;0;0;1;1;0;0;0
"21/02/2023";"08:17:00";"65";"AC02-ACIDE";"618,76";"BR-163/PA";"Norte";"Tombamento";0;0;1;0;0;1;0;0;0;0;1;1;0;0;0
"22/02/2023";"03:36:00";"33";"AC03-ACIDE";"1120,87";"BR-230/PA";"Leste";"Saida de Pista";1;0;0;0;0;0;0;0;0;0;1;0;0;0;0
"22/02/2023";"03:40:00";"34";"AC02-ACIDE";"1121";"BR-230/PA";"Leste";"Colisão Lateral";0;0;2;0;0;5;0;0;0;0;6;1;0;0;0
"22/02/2023";"04:23:00";"39";"AC02-ACIDE";"1121,3";"BR-230/PA";"Leste";"Colisão Traseira";0;0;2;0;0;3;0;0;0;0;0;1;1;0;0
"22/02/2023";"13:08:00";"150";"AC03-ACIDE";"420,138";"BR-163/PA";"Norte";"Colisão Traseira";0;0;0;0;0;1;0;0;0;1;2;0;0;0;0
"22/02/2023";"15:20:00";"167";"AC02-ACIDE";"1050,98";"BR-163/MT";"Sul";"Saida de Pista";0;0;1;0;0;0;0;0;0;0;0;1;0;0;0
"23/02/2023";"04:07:00";"14";"AC02-ACIDE";"500,381";"BR-163/PA";"Norte";"Tombamento";0;0;1;0;0;1;0;0;0;0;2;1;0;0;0
"23/02/2023";"09:18:00";"68";"AC03-ACIDE";"466,918";"BR-163/PA";"Norte";"Tombamento";0;0;1;0;0;1;0;0;0;0;2;0;0;0;0
"23/02/2023";"13:47:00";"121";"AC02-ACIDE";"654,621";"BR-163/PA";"Norte";"Tombamento";0;0;1;0;0;0;0;0;0;0;0;1;0;0;0
"23/02/2023";"19:39:00";"171";"AC03-ACIDE";"323,465";"BR-163/PA";"Norte";"Colisão Lateral";1;0;0;0;0;1;0;0;0;0;3;0;0;0;0
"24/02/2023";"10:31:00";"86";"AC02-ACIDE";"84,227";"BR-163/PA";"Sul";"Colisão Lateral";0;0;1;0;0;2;0;0;0;1;2;2;0;0;0
"24/02/2023";"19:05:00";"149";"AC03-ACIDE";"954,24";"BR-163/MT";"Norte";"Engavetamento";1;0;0;0;0;1;0;0;0;1;4;0;0;0;0
"25/02/2023";"07:18:00";"38";"AC02-ACIDE";"455,692";"BR-163/PA";"Sul";"Choque - Outros";0;0;0;0;0;0;0;0;0;1;0;1;0;0;0
"25/02/2023";"16:17:00";"138";"AC03-ACIDE";"854,653";"BR-163/MT";"Sul";"Colisão Lateral";0;0;1;0;0;0;0;0;0;1;5;0;0;0;0
"27/02/2023";"07:47:00";"46";"AC02-ACIDE";"1041,83";"BR-163/MT";"Norte";"Colisão Transversal";1;0;0;0;0;0;0;0;0;1;1;3;0;0;0
"27/02/2023";"08:15:00";"61";"AC02-ACIDE";"959,056";"BR-163/MT";"Norte";"Colisão Transversal";0;0;1;0;0;0;0;0;0;1;0;2;0;0;0
"27/02/2023";"12:32:00";"118";"AC02-ACIDE";"305,587";"BR-163/PA";"Norte";"Engavetamento";0;0;2;0;0;2;0;0;0;1;11;5;0;0;0
"27/02/2023";"20:30:00";"177";"AC02-ACIDE";"1025,03";"BR-163/MT";"Norte";"Atropelamento de Animal";0;0;0;0;0;0;0;0;0;1;0;1;0;0;0
"28/02/2023";"15:24:00";"193";"AC02-ACIDE";"612,742";"BR-163/PA";"Norte";"Colisão Lateral";0;0;0;0;0;1;0;0;0;1;1;2;0;0;0
"28/02/2023";"15:59:00";"198";"AC02-ACIDE";"402,9";"BR-163/PA";"Norte";"Tombamento";0;0;1;0;0;2;0;0;0;0;2;1;0;0;0
"28/02/2023";"18:19:00";"211";"AC02-ACIDE";"435,885";"BR-163/PA";"Norte";"Tombamento";0;0;1;0;0;1;0;0;0;0;7;1;0;0;0
"28/02/2023";"19:15:00";"213";"AC02-ACIDE";"873,088";"BR-163/MT";"Norte";"Saida de Pista";0;0;0;0;0;0;0;0;0;1;0;0;1;0;0
"28/02/2023";"20:41:00";"228";"AC03-ACIDE";"622";"BR-163/PA";"Sul";"Choque - Outros";0;0;0;0;0;0;0;0;0;1;1;0;0;0;0
"28/02/2023";"23:22:00";"250";"AC02-ACIDE";"225,136";"BR-163/PA";"Sul";"Queda de Moto";0;0;0;1;0;0;0;0;0;0;0;0;1;0;0
"01/03/2023";"06:19:00";"32";"AC03-ACIDE";"159,4";"BR-163/PA";"Norte";"Colisão Traseira";0;0;1;0;0;3;0;0;0;0;6;0;0;0;0
"01/03/2023";"16:41:00";"176";"AC02-ACIDE";"1101,68";"BR-230/PA";"Oeste";"Colisão Traseira";0;0;1;0;1;2;0;0;0;0;7;3;0;1;0
"02/03/2023";"04:00:00";"21";"AC02-ACIDE";"1113,18";"BR-230/PA";"Leste";"Tombamento";0;0;1;0;0;0;0;0;0;0;0;1;0;0;0
"02/03/2023";"12:44:00";"130";"AC03-ACIDE";"602,705";"BR-163/PA";"Norte";"Colisão Lateral";0;0;2;0;0;0;0;0;0;0;2;0;0;0;0
"02/03/2023";"13:36:00";"136";"AC02-ACIDE";"1109,05";"BR-230/PA";"Oeste";"Choque - Defensa, barreira ou meio fio";0;0;0;0;0;0;0;0;0;1;0;1;0;0;0
"03/03/2023";"08:10:00";"63";"AC02-ACIDE";"858,893";"BR-163/MT";"Norte";"Queda de Moto";0;0;0;1;0;0;0;0;0;0;0;1;0;0;0
"03/03/2023";"11:15:00";"125";"AC03-ACIDE";"938,95";"BR-163/MT";"Sul";"Colisão Traseira";0;0;2;0;0;0;0;0;0;0;2;0;0;0;0
"03/03/2023";"12:54:00";"136";"AC02-ACIDE";"898,301";"BR-163/MT";"Norte";"Tombamento";0;0;1;0;0;0;0;0;0;0;0;1;0;0;0
"03/03/2023";"14:03:00";"148";"AC02-ACIDE";"356,6";"BR-163/PA";"Norte";"Colisão Traseira";0;0;1;0;0;1;0;0;0;0;1;1;0;0;0
"03/03/2023";"14:40:00";"155";"AC02-ACIDE";"653,167";"BR-163/PA";"Sul";"Tombamento";0;0;1;0;0;2;0;0;0;0;2;1;0;0;0
"03/03/2023";"17:43:00";"182";"AC02-ACIDE";"589";"BR-163/PA";"Norte";"Colisão Lateral";1;0;1;0;0;1;0;0;0;0;1;2;0;0;0
"04/03/2023";"05:18:00";"32";"AC01-ACIDE";"587,818";"BR-163/PA";"Norte";"Atropelamento de Animal";0;0;0;1;0;0;0;0;0;0;0;0;0;0;1
"04/03/2023";"06:24:00";"36";"AC02-ACIDE";"665,699";"BR-163/PA";"Norte";"Tombamento";0;0;1;0;0;0;0;0;0;0;0;1;0;0;0
"04/03/2023";"10:31:00";"114";"AC02-ACIDE";"576";"BR-163/PA";"Norte";"Colisão Lateral";0;0;3;0;0;4;0;0;0;0;4;3;0;0;0
"04/03/2023";"15:50:00";"154";"AC02-ACIDE";"669,411";"BR-163/PA";"Norte";"Tombamento";0;0;1;0;0;0;0;0;0;0;0;1;0;0;0
"04/03/2023";"17:22:00";"174";"AC02-ACIDE";"1102,5";"BR-163/MT";"Norte";"Capotamento";0;0;1;0;0;0;0;0;0;0;0;0;1;0;0
"04/03/2023";"17:30:00";"175";"AC02-ACIDE";"615";"BR-163/PA";"Norte";"Tombamento";0;0;1;0;0;0;0;0;0;0;0;1;0;0;0
"04/03/2023";"19:29:00";"185";"AC03-ACIDE";"249,193";"BR-163/PA";"Sul";"Atropelamento de Animal";0;0;0;0;0;0;0;0;0;1;1;0;0;0;0
"05/03/2023";"03:48:00";"32";"AC02-ACIDE";"159";"BR-163/PA";"Norte";"Colisão Lateral";0;0;1;1;0;0;0;0;0;0;1;0;1;0;0
"05/03/2023";"04:59:00";"38";"AC02-ACIDE";"325,807";"BR-163/PA";"Norte";"Saida de Pista";1;0;0;0;0;0;0;0;0;0;0;5;0;0;0
"05/03/2023";"07:56:00";"63";"AC02-ACIDE";"203,572";"BR-163/PA";"Norte";"Atropelamento - Funcionário";0;0;1;0;0;0;0;0;0;0;1;1;0;0;0
"05/03/2023";"17:56:00";"159";"AC02-ACIDE";"652,356";"BR-163/PA";"Norte";"Capotamento";0;0;1;0;0;0;0;0;0;0;0;0;1;0;0
"06/03/2023";"08:31:00";"85";"AC02-ACIDE";"366,8";"BR-163/PA";"Norte";"Saida de Pista";1;0;0;0;0;1;0;0;0;0;1;1;0;0;0
"07/03/2023";"11:29:00";"112";"AC02-ACIDE";"1110,3";"BR-163/MT";"Sul";"Tombamento";0;0;1;0;0;2;0;0;0;0;2;0;2;0;0
"07/03/2023";"14:31:00";"140";"AC02-ACIDE";"432";"BR-163/PA";"Norte";"Tombamento";0;0;1;0;0;0;0;0;0;0;0;0;1;0;0
"07/03/2023";"15:50:00";"150";"AC03-ACIDE";"547,609";"BR-163/PA";"Norte";"Choque - Defensa, barreira ou meio fio";0;0;0;0;0;0;0;0;0;1;2;0;0;0;0
"07/03/2023";"16:00:00";"152";"AC01-ACIDE";"167,982";"BR-163/PA";"Norte";"Colisão Frontal";1;0;0;0;0;0;0;0;0;1;0;0;1;0;1
"08/03/2023";"04:53:00";"20";"AC02-ACIDE";"653";"BR-163/PA";"Sul";"Saida de Pista";0;0;1;0;0;2;0;0;0;0;2;1;0;0;0
"08/03/2023";"06:21:00";"23";"AC02-ACIDE";"1088,67";"BR-163/MT";"Sul";"Choque - Defensa, barreira ou meio fio";0;0;1;0;0;1;0;0;0;0;1;1;0;0;0
"08/03/2023";"08:49:00";"43";"AC03-ACIDE";"997,572";"BR-163/MT";"Norte";"Tombamento";0;0;1;0;0;1;0;0;0;0;2;0;0;0;0
"08/03/2023";"10:36:00";"61";"AC02-ACIDE";"265,374";"BR-163/PA";"Sul";"Colisão Traseira";0;0;1;0;0;3;0;0;0;0;3;1;0;0;0
"08/03/2023";"14:23:00";"87";"AC02-ACIDE";"560";"BR-163/PA";"Norte";"Colisão Lateral";0;0;2;0;0;4;0;0;0;0;4;2;0;0;0
"09/03/2023";"01:31:00";"12";"AC02-ACIDE";"653,431";"BR-163/PA";"Norte";"Tombamento";0;0;1;0;0;0;0;0;0;0;0;1;0;0;0
"09/03/2023";"03:52:00";"23";"AC02-ACIDE";"618";"BR-163/PA";"Sul";"Tombamento";0;0;1;0;0;0;0;0;0;0;0;1;0;0;0
"09/03/2023";"04:49:00";"26";"AC02-ACIDE";"660,549";"BR-163/PA";"Sul";"Saida de Pista";0;0;1;0;0;1;0;0;0;0;1;1;0;0;0
"09/03/2023";"08:20:00";"88";"AC02-ACIDE";"925,787";"BR-163/MT";"Sul";"Colisão Traseira";0;0;1;0;0;0;0;0;0;1;0;3;0;0;0
"09/03/2023";"08:42:00";"99";"AC03-ACIDE";"207,629";"BR-163/PA";"Sul";"Tombamento";0;0;1;0;0;0;0;0;0;0;1;0;0;0;0
"09/03/2023";"18:20:00";"203";"AC02-ACIDE";"286,302";"BR-163/PA";"Norte";"Tombamento";0;0;1;0;0;0;0;0;0;0;0;1;0;0;0
"09/03/2023";"23:02:00";"228";"AC02-ACIDE";"1080,74";"BR-163/MT";"Norte";"Tombamento";0;0;1;0;0;0;0;0;0;0;0;1;1;0;0
"09/03/2023";"23:48:00";"231";"AC02-ACIDE";"1110,08";"BR-230/PA";"Leste";"Tombamento";0;0;1;0;0;0;0;0;0;0;0;0;1;0;0
"10/03/2023";"01:07:00";"10";"AC03-ACIDE";"1015,8";"BR-163/MT";"Norte";"Atropelamento de Animal";0;0;1;0;0;0;0;0;0;0;1;0;0;0;0
"10/03/2023";"07:53:00";"45";"AC02-ACIDE";"1029";"BR-163/MT";"Norte";"Colisão Transversal";0;0;1;0;0;0;0;0;0;1;0;2;0;0;0
"10/03/2023";"19:59:00";"147";"AC02-ACIDE";"1123,63";"BR-230/PA";"Leste";"Queda de Moto";0;0;0;1;0;0;0;0;0;0;0;2;0;0;0
"10/03/2023";"22:35:00";"155";"AC02-ACIDE";"490,18";"BR-163/PA";"Sul";"Saida de Pista";0;0;1;0;0;3;0;0;0;0;3;2;0;0;0
"11/03/2023";"02:44:00";"20";"AC02-ACIDE";"309,986";"BR-163/PA";"Sul";"Saida de Pista";0;0;0;0;0;1;0;0;0;1;1;1;0;0;0
"11/03/2023";"08:50:00";"101";"AC03-ACIDE";"488,7";"BR-163/PA";"Sul";"Colisão Lateral";0;0;2;0;0;3;0;0;0;0;5;0;0;0;0
"11/03/2023";"15:39:00";"123";"AC02-ACIDE";"524,316";"BR-163/PA";"Norte";"Tombamento";0;0;1;0;0;1;0;0;0;0;1;1;0;0;0
"11/03/2023";"19:08:00";"143";"AC03-ACIDE";"605,8";"BR-163/PA";"Sul";"Saida de Pista";0;0;1;0;0;2;0;0;0;0;3;0;0;0;0
"12/03/2023";"04:51:00";"22";"AC02-ACIDE";"452,114";"BR-163/PA";"Norte";"Queda de Moto";0;0;0;1;0;0;0;0;0;0;0;2;0;0;0
"12/03/2023";"10:12:00";"98";"AC02-ACIDE";"306,376";"BR-163/PA";"Norte";"Tombamento";0;0;1;0;0;1;0;0;0;0;1;1;0;0;0
"12/03/2023";"19:04:00";"187";"AC02-ACIDE";"653,1";"BR-163/PA";"Norte";"Saida de Pista";0;0;1;0;0;0;0;0;0;0;0;1;0;0;0
"13/03/2023";"08:03:00";"51";"AC02-ACIDE";"263,364";"BR-163/PA";"Norte";"Tombamento";0;0;1;0;0;2;0;0;0;0;2;1;0;0;0
"13/03/2023";"16:00:00";"155";"AC02-ACIDE";"1033";"BR-163/MT";"Norte";"Queda de Moto";0;0;0;1;0;0;0;0;0;0;0;1;0;0;0
"13/03/2023";"18:08:00";"180";"AC02-ACIDE";"669,429";"BR-163/PA";"Sul";"Tombamento";0;0;2;0;0;0;0;0;0;0;0;2;0;0;0
"14/03/2023";"21:55:00";"182";"AC02-ACIDE";"318,235";"BR-163/PA";"Norte";"Queda de Moto";0;0;0;1;0;0;0;0;0;0;0;0;1;0;0
"15/03/2023";"04:59:00";"21";"AC02-ACIDE";"514,839";"BR-163/PA";"Norte";"Colisão Lateral";0;0;2;0;0;2;0;0;0;0;2;3;0;0;0
"15/03/2023";"10:27:00";"98";"AC02-ACIDE";"622";"BR-163/PA";"Norte";"Tombamento";0;0;1;0;0;2;0;0;0;0;2;1;0;0;0
"15/03/2023";"13:26:00";"125";"AC02-ACIDE";"1037,57";"BR-163/MT";"Norte";"Colisão Transversal";0;0;0;1;0;0;0;0;0;1;1;0;1;0;0
"15/03/2023";"13:34:00";"126";"AC02-ACIDE";"410,514";"BR-163/PA";"Norte";"Colisão Traseira";0;0;1;1;0;2;0;0;0;0;3;0;0;1;0
"15/03/2023";"15:56:00";"153";"AC02-ACIDE";"191,856";"BR-163/PA";"Norte";"Tombamento";0;0;1;0;0;2;0;0;0;0;2;1;0;0;0
"15/03/2023";"16:55:00";"163";"AC02-ACIDE";"355,306";"BR-163/PA";"Norte";"Colisão Transversal";1;0;1;0;0;0;0;0;0;0;0;2;0;0;0
"15/03/2023";"20:15:00";"177";"AC02-ACIDE";"1123,60";"BR-230/PA";"Leste";"Queda de Moto";0;0;0;1;0;0;0;0;0;0;0;1;0;0;0
"16/03/2023";"08:15:00";"48";"AC02-ACIDE";"503,79";"BR-163/PA";"Norte";"Tombamento";0;0;1;0;0;0;0;0;0;0;0;1;0;0;0
"16/03/2023";"14:38:00";"135";"AC01-ACIDE";"489,079";"BR-163/PA";"Norte";"Colisão Frontal";1;0;1;0;0;2;0;0;0;0;2;2;0;0;1
"17/03/2023";"03:07:00";"14";"AC02-ACIDE";"500,462";"BR-163/PA";"Sul";"Carreta deu L";0;0;1;0;0;0;0;0;0;0;0;1;0;0;0
"17/03/2023";"13:03:00";"132";"AC02-ACIDE";"330,275";"BR-163/PA";"Norte";"Tombamento";0;0;1;0;0;0;0;0;0;0;0;1;0;0;0
"17/03/2023";"15:41:00";"146";"AC02-ACIDE";"362";"BR-163/PA";"Norte";"Colisão Lateral";0;0;2;0;0;0;0;0;0;0;0;2;0;0;0
"18/03/2023";"08:44:00";"62";"AC02-ACIDE";"144,959";"BR-163/PA";"Norte";"Colisão Lateral";0;0;1;0;0;0;0;0;0;1;1;2;1;0;0
"18/03/2023";"17:27:00";"169";"AC02-ACIDE";"347";"BR-163/PA";"Sul";"Queda de Moto";0;0;0;1;0;1;0;0;0;0;1;2;0;0;0
"18/03/2023";"23:29:00";"197";"AC03-ACIDE";"36,423";"BR-163/PA";"Sul";"Atropelamento de Animal";0;0;1;0;0;0;0;0;0;0;1;0;0;0;0
"19/03/2023";"03:49:00";"21";"AC03-ACIDE";"881,214";"BR-163/MT";"Norte";"Saida de Pista";1;0;0;0;0;0;0;0;0;0;1;0;0;0;0
"19/03/2023";"15:49:00";"200";"AC02-ACIDE";"1089";"BR-163/MT";"Norte";"Colisão Traseira";0;0;1;0;0;0;0;0;0;1;1;1;0;0;0
"19/03/2023";"15:50:00";"201";"AC02-ACIDE";"671,991";"BR-163/PA";"Norte";"Colisão Traseira";0;0;1;0;0;0;0;0;0;2;1;2;0;0;0
"19/03/2023";"21:12:00";"234";"AC02-ACIDE";"1076,6";"BR-163/MT";"Sul";"Queda de Moto";0;0;0;1;0;0;0;0;0;0;0;1;1;0;0
"20/03/2023";"06:35:00";"30";"AC02-ACIDE";"263,583";"BR-163/PA";"Norte";"Tombamento";0;0;1;0;0;2;0;0;0;0;2;1;0;0;0
"20/03/2023";"08:58:00";"76";"AC02-ACIDE";"1072,19";"BR-163/MT";"Norte";"Colisão Transversal";1;0;1;0;0;0;0;0;0;0;0;2;0;0;0
"20/03/2023";"12:05:00";"122";"AC02-ACIDE";"942";"BR-163/MT";"Norte";"Capotamento";1;0;0;0;0;0;0;0;0;0;0;1;0;0;0
"20/03/2023";"12:15:00";"124";"AC02-ACIDE";"926";"BR-163/MT";"Sul";"Saida de Pista";0;0;0;0;0;0;0;0;0;1;0;2;0;0;0
"20/03/2023";"13:20:00";"136";"AC02-ACIDE";"394";"BR-163/PA";"Sul";"Tombamento";0;0;1;0;0;0;0;0;0;0;0;1;0;0;0
"20/03/2023";"14:58:00";"149";"AC02-ACIDE";"618";"BR-163/PA";"Norte";"Tombamento";0;0;1;0;0;0;0;0;0;0;0;1;0;0;0
"20/03/2023";"15:45:00";"157";"AC03-ACIDE";"185,782";"BR-163/PA";"Sul";"Carreta deu L";0;0;1;0;0;0;0;0;0;0;1;0;0;0;0
"20/03/2023";"17:46:00";"169";"AC02-ACIDE";"670";"BR-163/PA";"Norte";"Colisão Lateral";0;0;2;0;0;0;0;0;0;0;0;0;2;0;0
"21/03/2023";"00:11:00";"2";"AC02-ACIDE";"484,388";"BR-163/PA";"Sul";"Colisão Traseira";0;0;1;0;0;2;0;0;0;1;3;1;1;0;0
"21/03/2023";"08:07:00";"45";"AC03-ACIDE";"930";"BR-163/MT";"Norte";"Choque - Veiculo parado na pista";0;0;1;0;0;2;0;0;0;0;3;0;0;0;0
"21/03/2023";"13:45:00";"137";"AC03-ACIDE";"889,708";"BR-163/MT";"Sul";"Saida de Pista";0;0;1;0;0;0;0;0;0;0;6;0;0;0;0
"21/03/2023";"17:27:00";"183";"AC02-ACIDE";"257,252";"BR-163/PA";"Norte";"Colisão Lateral";0;0;2;0;0;0;0;0;0;0;0;2;0;0;0
"22/03/2023";"01:38:00";"15";"AC02-ACIDE";"652,871";"BR-163/PA";"Norte";"Queda de Moto";0;0;0;1;0;0;0;0;0;0;0;1;0;1;0
"22/03/2023";"08:06:00";"61";"AC03-ACIDE";"890,422";"BR-163/MT";"Norte";"Colisão Lateral";0;0;1;0;0;0;0;0;0;1;5;0;0;0;0
"22/03/2023";"13:21:00";"129";"AC02-ACIDE";"547,572";"BR-163/PA";"Sul";"Tombamento";0;0;1;0;0;2;0;0;0;0;2;1;0;0;0
"22/03/2023";"13:48:00";"131";"AC02-ACIDE";"143,8";"BR-163/PA";"Norte";"Tombamento";0;0;1;0;0;2;0;0;0;0;2;1;0;0;0
"22/03/2023";"15:40:00";"147";"AC02-ACIDE";"897,1";"BR-163/MT";"Norte";"Colisão Traseira";1;0;1;0;0;0;0;0;0;0;1;1;0;0;0
"22/03/2023";"16:48:00";"160";"AC01-ACIDE";"1043";"BR-163/MT";"Norte";"Saida de Pista";0;0;0;1;0;0;0;0;0;0;0;0;0;0;1
"22/03/2023";"22:03:00";"191";"AC02-ACIDE";"10,238";"BR-163/PA";"Sul";"Colisão Traseira";0;0;2;0;0;0;0;0;0;0;1;1;0;0;0
"23/03/2023";"03:19:00";"17";"AC02-ACIDE";"330,344";"BR-163/PA";"Norte";"Tombamento";0;0;1;0;0;2;0;0;0;0;2;1;0;0;0
"23/03/2023";"07:36:00";"33";"AC03-ACIDE";"326";"BR-163/PA";"Norte";"Colisão Traseira";0;0;2;0;0;1;0;0;0;0;3;0;0;0;0
"23/03/2023";"11:14:00";"102";"AC02-ACIDE";"1064";"BR-163/MT";"Sul";"Queda de Moto";0;0;0;1;0;0;0;0;0;0;0;1;0;0;0
"23/03/2023";"13:39:00";"121";"AC02-ACIDE";"4";"BR-163/PA";"Sul";"Saida de Pista";0;0;0;0;0;0;0;0;0;1;0;1;0;0;0
"23/03/2023";"15:32:00";"128";"AC02-ACIDE";"1046,26";"BR-163/MT";"Sul";"Saida de Pista";1;0;0;0;0;0;0;0;0;0;0;1;0;0;0
"24/03/2023";"05:49:00";"17";"AC02-ACIDE";"660,271";"BR-163/PA";"Norte";"Colisão Lateral";0;0;2;0;0;0;0;0;0;0;0;2;0;0;0
"24/03/2023";"13:28:00";"125";"AC01-ACIDE";"665,77";"BR-163/PA";"Sul";"Colisão Lateral";0;0;1;1;0;1;0;0;0;0;0;2;0;2;1
"24/03/2023";"15:30:00";"153";"AC02-ACIDE";"1110,6";"BR-163/MT";"Sul";"Saida de Pista";0;0;1;0;0;2;0;0;0;0;2;2;0;0;0
"24/03/2023";"18:51:00";"170";"AC02-ACIDE";"157";"BR-163/PA";"Norte";"Colisão Transversal";0;0;0;1;0;1;0;0;0;0;1;2;0;0;0
"25/03/2023";"00:46:00";"7";"AC02-ACIDE";"666";"BR-163/PA";"Sul";"Tombamento";0;0;1;0;0;0;0;0;0;0;0;0;1;0;0
"25/03/2023";"03:34:00";"17";"AC02-ACIDE";"600";"BR-163/PA";"Sul";"Tombamento";0;0;1;0;0;0;0;0;0;0;0;1;0;0;0
"25/03/2023";"07:23:00";"39";"AC03-ACIDE";"876,805";"BR-163/MT";"Norte";"Tombamento";0;0;1;0;0;2;0;0;0;0;3;0;0;0;0
"25/03/2023";"08:09:00";"48";"AC03-ACIDE";"547,254";"BR-163/PA";"Norte";"Tombamento";0;0;1;0;0;2;0;0;0;0;3;0;0;0;0
"25/03/2023";"13:20:00";"122";"AC02-ACIDE";"1110,19";"BR-163/MT";"Norte";"Tombamento";0;0;1;0;0;2;0;0;0;0;2;0;0;1;0
"25/03/2023";"19:46:00";"188";"AC03-ACIDE";"318,654";"BR-163/PA";"Norte";"Tombamento";0;0;1;0;0;2;0;0;0;0;3;0;0;0;0
"25/03/2023";"22:04:00";"201";"AC02-ACIDE";"1112";"BR-230/PA";"Leste";"Queda de Moto";0;0;0;1;0;0;0;0;0;0;0;2;0;0;0
"25/03/2023";"23:51:00";"218";"AC02-ACIDE";"34";"BR-163/PA";"Sul";"Choque - Veiculo parado na pista";0;0;2;0;0;0;0;0;0;0;1;3;0;0;0
"26/03/2023";"09:01:00";"54";"AC02-ACIDE";"263,34";"BR-163/PA";"Norte";"Tombamento";0;0;1;0;0;2;0;0;0;0;2;1;0;0;0
"26/03/2023";"09:11:00";"56";"AC03-ACIDE";"947,223";"BR-163/MT";"Norte";"Tombamento";0;0;1;0;0;0;0;0;0;0;1;0;0;0;0
"26/03/2023";"11:28:00";"83";"AC02-ACIDE";"591,42";"BR-163/PA";"Norte";"Tombamento";0;0;1;0;0;1;0;0;0;0;1;1;0;0;0
"26/03/2023";"16:13:00";"121";"AC02-ACIDE";"1109";"BR-163/MT";"Sul";"Colisão Lateral";0;0;2;0;0;0;0;0;0;0;1;1;0;0;0
"26/03/2023";"22:23:00";"154";"AC02-ACIDE";"993";"BR-163/MT";"Norte";"Choque - Veiculo parado no acostamento";0;0;1;1;0;0;0;0;0;0;1;1;0;0;0
"27/03/2023";"11:43:00";"92";"AC02-ACIDE";"104,165";"BR-163/PA";"Norte";"Tombamento";0;0;1;0;0;2;0;0;0;0;2;2;0;0;0
"27/03/2023";"13:30:00";"99";"AC02-ACIDE";"636,095";"BR-163/PA";"Norte";"Colisão Traseira";0;0;1;0;0;2;0;0;0;1;3;2;0;0;0
"27/03/2023";"17:03:00";"127";"AC02-ACIDE";"972";"BR-163/MT";"Norte";"Colisão Lateral";1;0;1;0;0;0;0;0;0;0;0;2;0;0;0
"27/03/2023";"17:04:00";"128";"AC02-ACIDE";"302";"BR-163/PA";"Norte";"Colisão Traseira";1;0;0;0;0;0;0;0;0;1;0;2;0;0;0
"28/03/2023";"09:19:00";"72";"AC02-ACIDE";"387";"BR-163/PA";"Norte";"Colisão Traseira";0;0;2;0;0;4;0;0;0;0;4;1;1;0;0
"29/03/2023";"07:27:00";"52";"AC02-ACIDE";"1114,44";"BR-163/MT";"Norte";"Colisão Traseira";0;0;1;1;0;0;0;0;0;0;1;2;1;0;0
"29/03/2023";"08:03:00";"65";"AC03-ACIDE";"562,915";"BR-163/PA";"Norte";"Colisão Lateral";0;0;2;0;0;0;0;0;0;0;2;0;0;0;0
"29/03/2023";"13:46:00";"148";"AC02-ACIDE";"285";"BR-163/PA";"Norte";"Colisão Lateral";0;0;3;0;0;0;0;0;0;0;0;3;0;0;0
"30/03/2023";"07:55:00";"52";"AC02-ACIDE";"105";"BR-163/PA";"Norte";"Tombamento";0;0;1;0;0;1;0;0;0;0;1;1;0;0;0
"30/03/2023";"16:19:00";"139";"AC02-ACIDE";"1015,49";"BR-163/MT";"Sul";"Tombamento";0;0;1;0;0;0;0;0;0;0;0;1;0;0;0
"30/03/2023";"18:02:00";"146";"AC02-ACIDE";"635";"BR-163/PA";"Sul";"Colisão Traseira";0;0;1;0;0;1;0;0;0;0;1;1;0;0;0
"31/03/2023";"06:21:00";"21";"AC02-ACIDE";"312";"BR-163/PA";"Norte";"Colisão Traseira";0;0;2;0;0;0;0;0;0;0;0;2;0;0;0
"31/03/2023";"13:21:00";"104";"AC03-ACIDE";"394,283";"BR-163/PA";"Sul";"Saida de Pista";1;0;0;0;0;0;0;0;0;0;1;0;0;0;0
"31/03/2023";"14:11:00";"112";"AC02-ACIDE";"604";"BR-163/PA";"Sul";"Colisão Traseira";0;0;2;0;0;0;0;0;0;0;2;0;0;1;0
"31/03/2023";"18:54:00";"141";"AC03-ACIDE";"1040,80";"BR-163/MT";"Norte";"Colisão Traseira";2;0;0;0;0;0;0;0;0;0;2;0;0;0;0
"01/04/2023";"05:54:00";"21";"AC03-ACIDE";"611";"BR-163/PA";"Sul";"Atropelamento de Animal";0;0;0;0;0;0;0;0;0;1;1;0;0;0;0
"01/04/2023";"09:09:00";"76";"AC02-ACIDE";"399";"BR-163/PA";"Sul";"Queda de Moto";0;0;0;1;0;0;0;0;0;0;0;1;0;0;0
"01/04/2023";"09:37:00";"83";"AC02-ACIDE";"1076,62";"BR-163/MT";"Sul";"Colisão Lateral";0;0;2;0;0;0;0;0;0;0;0;2;0;0;0
"01/04/2023";"09:50:00";"85";"AC01-ACIDE";"323,981";"BR-163/PA";"Sul";"Colisão Frontal";0;0;1;1;0;0;0;0;0;0;0;1;0;0;1
"01/04/2023";"11:58:00";"117";"AC02-ACIDE";"653,052";"BR-163/PA";"Norte";"Saida de Pista";0;0;1;0;0;0;0;0;0;0;0;1;0;0;0
"01/04/2023";"12:49:00";"121";"AC02-ACIDE";"657,935";"BR-163/PA";"Norte";"Tombamento";0;0;1;0;0;2;0;0;0;0;2;1;0;0;0
"01/04/2023";"14:03:00";"134";"AC02-ACIDE";"971";"BR-163/MT";"Norte";"Colisão Lateral";0;0;3;0;0;0;0;0;0;0;1;2;0;0;0
"01/04/2023";"17:03:00";"156";"AC02-ACIDE";"283";"BR-163/PA";"Sul";"Engavetamento";0;0;3;0;0;0;0;0;0;0;0;4;0;0;0