data;horario;n_da_ocorrencia;tipo_de_ocorrencia;km;trecho;sentido;tipo_de_acidente;automovel;bicicleta;caminhao;moto;onibus;outros;tracao_animal;transporte_de_cargas_especiais;trator_maquinas;utilitarios;ilesos;levemente_feridos;moderadamente_feridos;gravemente_feridos;mortos
"28/07/2023";"20:45:00";"209";"AC03-ACIDE";"216,705";"BR-163/PA";"Norte";"Atropelamento de Animal";1;0;0;0;0;0;0;0;0;0;1;0;0;0;0
"29/07/2023";"13:48:00";"138";"AC02-ACIDE";"652";"BR-163/PA";"Norte";"Queda de Moto";0;0;0;1;0;0;0;0;0;0;0;1;0;0;0
"29/07/2023";"18:39:00";"179";"AC02-ACIDE";"310";"BR-163/PA";"Norte";"Colisão Lateral";1;0;0;0;0;1;0;0;0;0;1;1;0;0;0
"29/07/2023";"18:52:00";"181";"AC02-ACIDE";"310,393";"BR-163/PA";"Sul";"Colisão Traseira";0;0;2;0;0;6;0;0;0;0;6;2;0;0;0
"29/07/2023";"21:47:00";"210";"AC02-ACIDE";"273,649";"BR-163/PA";"Sul";"Atropelamento de Animal";0;0;1;0;0;1;0;0;0;0;1;1;0;0;0
"30/07/2023";"03:18:00";"16";"AC03-ACIDE";"241,319";"BR-163/PA";"Norte";"Tombamento";0;0;1;0;0;1;0;0;0;0;2;0;0;0;0
"30/07/2023";"06:22:00";"27";"AC02-ACIDE";"1113";"BR-230/PA";"Oeste";"Tombamento";0;0;2;0;0;4;0;0;0;0;5;1;0;0;0
"30/07/2023";"17:56:00";"242";"AC02-ACIDE";"651,01";"BR-163/PA";"Norte";"Saida de Pista";0;0;1;0;0;0;0;0;0;0;0;1;0;0;0
"30/07/2023";"21:57:00";"284";"AC02-ACIDE";"568";"BR-163/PA";"Sul";"Queda de Moto";0;0;0;1;0;0;0;0;0;0;0;1;0;0;0
"31/07/2023";"06:29:00";"62";"AC02-ACIDE";"933,2";"BR-163/MT";"Norte";"Colisão Traseira";1;0;0;0;0;0;0;0;0;1;3;2;0;0;0
"01/08/2023";"01:50:00";"12";"AC03-ACIDE";"500,369";"BR-163/PA";"Norte";"Tombamento";0;0;1;0;0;0;0;0;0;0;1;0;0;0;0
"01/08/2023";"12:13:00";"153";"AC03-ACIDE";"1002";"BR-163/MT";"Norte";"Engavetamento";0;0;3;0;0;0;0;0;0;0;4;0;0;0;0
"01/08/2023";"17:19:00";"199";"AC02-ACIDE";"264";"BR-163/PA";"Norte";"Tombamento";0;0;1;0;0;1;0;0;0;0;1;1;0;0;0
"02/08/2023";"10:47:00";"121";"AC03-ACIDE";"1110,00";"BR-163/MT";"Sul";"Choque - Suporte de Sinalização";0;0;0;0;0;0;0;0;0;1;1;0;0;0;0
"02/08/2023";"12:23:00";"133";"AC02-ACIDE";"301";"BR-163/PA";"Sul";"Colisão Traseira";0;0;1;1;0;0;0;0;0;0;0;2;0;0;0
"02/08/2023";"13:13:00";"137";"AC02-ACIDE";"1111,97";"BR-230/PA";"Leste";"Colisão Lateral";0;0;1;0;0;1;0;0;0;0;0;2;0;0;0
"02/08/2023";"14:35:00";"150";"AC02-ACIDE";"310";"BR-163/PA";"Norte";"Colisão Traseira";0;0;1;0;0;2;0;0;0;1;2;2;0;0;0
"02/08/2023";"16:04:00";"166";"AC03-ACIDE";"955";"BR-163/MT";"Norte";"Colisão Traseira";1;0;0;0;0;1;0;0;0;0;2;0;0;0;0
"02/08/2023";"19:44:00";"199";"AC02-ACIDE";"71,789";"BR-163/PA";"Sul";"Engavetamento";0;0;2;0;0;1;0;0;0;0;1;2;0;0;0
"02/08/2023";"21:07:00";"208";"AC03-ACIDE";"956,67";"BR-163/MT";"Norte";"Queda de moto";0;0;0;1;0;0;0;0;0;0;1;0;0;0;0
"03/08/2023";"07:22:00";"42";"AC02-ACIDE";"618";"BR-163/PA";"Norte";"Tombamento";0;0;1;0;0;2;0;0;0;0;2;1;0;0;0
"03/08/2023";"07:35:00";"46";"AC02-ACIDE";"307";"BR-163/PA";"Sul";"Colisão Traseira";0;0;2;0;0;2;0;0;0;0;3;1;0;0;0
"03/08/2023";"09:30:00";"93";"AC02-ACIDE";"237,141";"BR-163/PA";"Norte";"Colisão Transversal";0;0;1;0;0;0;0;0;0;1;1;1;0;0;0
"03/08/2023";"13:46:00";"160";"AC03-ACIDE";"285";"BR-163/PA";"Norte";"Colisão Traseira";0;0;2;0;0;0;0;0;0;0;2;0;0;0;0
"04/08/2023";"14:23:00";"231";"AC02-ACIDE";"207,58";"BR-163/PA";"Norte";"Colisão Frontal";0;0;2;0;0;5;0;0;0;0;6;1;0;0;0
"05/08/2023";"02:49:00";"23";"AC03-ACIDE";"391,227";"BR-163/PA";"Norte";"Choque - Elemento de Drenagem";1;0;0;0;0;0;0;0;0;0;1;0;0;0;0
"05/08/2023";"06:59:00";"48";"AC02-ACIDE";"930";"BR-163/MT";"Sul";"Colisão Traseira";2;0;0;0;0;0;0;0;0;0;2;3;0;0;0
"05/08/2023";"10:05:00";"92";"AC03-ACIDE";"582";"BR-163/PA";"Norte";"Tombamento";0;0;1;0;0;3;0;0;0;0;4;0;0;0;0
"05/08/2023";"14:00:00";"106";"AC02-ACIDE";"890,055";"BR-163/MT";"Norte";"Saida de Pista";0;0;2;0;0;0;0;0;0;0;0;2;0;0;0
"05/08/2023";"16:24:00";"133";"AC03-ACIDE";"1110,41";"BR-163/MT";"Norte";"Tombamento";0;0;1;0;0;0;0;0;0;0;1;0;0;0;0
"05/08/2023";"19:38:00";"152";"AC03-ACIDE";"1063";"BR-163/MT";"Norte";"Colisão Lateral";2;0;0;0;0;0;0;0;0;0;3;0;0;0;0
"05/08/2023";"22:39:00";"168";"AC02-ACIDE";"626";"BR-163/PA";"Norte";"Queda de Moto";0;0;0;2;0;0;0;0;0;0;0;0;2;0;0
"06/08/2023";"01:52:00";"10";"AC03-ACIDE";"310,315";"BR-163/PA";"Norte";"Colisão Traseira";1;0;0;0;0;0;0;0;0;1;2;0;0;0;0
"06/08/2023";"07:29:00";"45";"AC02-ACIDE";"44,582";"BR-163/PA";"Norte";"Saida de Pista";1;0;0;0;0;1;0;0;0;0;1;1;0;0;0
"06/08/2023";"14:52:00";"102";"AC02-ACIDE";"257,768";"BR-163/PA";"Sul";"Tombamento";0;0;1;0;0;0;0;0;0;0;0;1;1;0;0
"07/08/2023";"22:54:00";"339";"AC03-ACIDE";"1110,45";"BR-163/MT";"Norte";"Tombamento";0;0;1;0;0;1;0;0;0;0;4;0;0;0;0
"08/08/2023";"07:41:00";"75";"AC02-ACIDE";"1106,12";"BR-230/PA";"Oeste";"Saida de Pista";1;0;0;0;0;0;0;0;0;0;0;1;0;0;0
"08/08/2023";"15:05:00";"281";"AC03-ACIDE";"855,793";"BR-163/MT";"Sul";"Colisão Traseira";1;0;0;0;0;0;0;0;0;1;4;0;0;0;0
"09/08/2023";"07:32:00";"63";"AC02-ACIDE";"1113";"BR-230/PA";"Oeste";"Colisão Lateral";1;0;1;0;1;1;0;0;0;0;9;3;0;0;0
"09/08/2023";"10:31:00";"124";"AC02-ACIDE";"618";"BR-163/PA";"Norte";"Colisão Lateral";0;0;2;0;0;4;0;0;0;0;5;2;0;0;0
"09/08/2023";"20:27:00";"228";"AC03-ACIDE";"160,718";"BR-163/PA";"Sul";"Colisão Lateral";0;0;0;1;0;1;0;0;0;0;2;0;0;0;0
"09/08/2023";"22:44:00";"255";"AC03-ACIDE";"318,841";"BR-163/PA";"Norte";"Atropelamento de Animal";0;0;1;0;0;0;0;0;0;0;1;0;0;0;0
"10/08/2023";"07:18:00";"45";"AC03-ACIDE";"1116,9";"BR-230/PA";"Leste";"Colisão Lateral";0;0;1;0;0;0;0;0;0;1;2;0;0;0;0
"10/08/2023";"13:03:00";"95";"AC03-ACIDE";"1032";"BR-163/MT";"Norte";"Saida de Pista";0;0;1;0;0;1;0;0;0;0;2;0;0;0;0
"10/08/2023";"15:13:00";"103";"AC03-ACIDE";"936,114";"BR-163/MT";"Norte";"Colisão Traseira";0;0;1;0;0;0;0;0;0;1;3;0;0;0;0
"10/08/2023";"15:57:00";"112";"AC03-ACIDE";"897,8";"BR-163/MT";"Sul";"Colisão Lateral";0;0;1;0;0;1;0;0;0;0;2;0;0;0;0
"10/08/2023";"23:08:00";"191";"AC02-ACIDE";"92,83";"BR-163/PA";"Norte";"Saida de Pista";1;0;0;0;0;1;0;0;0;0;1;1;0;0;0
"11/08/2023";"07:39:00";"52";"AC02-ACIDE";"1046,52";"BR-163/MT";"Norte";"Colisão Lateral";1;0;0;0;0;0;0;0;0;1;2;2;0;0;0
"11/08/2023";"19:41:00";"281";"AC02-ACIDE";"329,928";"BR-163/PA";"Sul";"Colisão Traseira";0;0;1;0;0;2;0;0;0;1;3;0;1;0;0
"11/08/2023";"19:51:00";"282";"AC03-ACIDE";"571";"BR-163/PA";"Norte";"Tombamento";0;0;1;0;0;0;0;0;0;0;1;0;0;0;0
"12/08/2023";"07:51:00";"63";"AC01-ACIDE";"1116,80";"BR-230/PA";"Leste";"Colisão Frontal";0;0;1;1;0;2;0;0;0;0;2;1;0;0;1
"12/08/2023";"16:43:00";"263";"AC03-ACIDE";"652";"BR-163/PA";"Sul";"Queda de Moto";0;0;0;1;0;0;0;0;0;0;1;0;0;0;0
"12/08/2023";"19:25:00";"280";"AC01-ACIDE";"158,418";"BR-163/PA";"Sul";"Colisão Transversal";0;0;0;1;0;0;0;0;0;1;1;0;0;0;1
"12/08/2023";"19:58:00";"284";"AC03-ACIDE";"417";"BR-163/PA";"Norte";"Atropelamento de Animal";0;0;0;0;0;0;0;0;0;1;1;0;0;0;0
"13/08/2023";"12:00:00";"144";"AC02-ACIDE";"669,2";"BR-163/PA";"Norte";"Colisão Lateral";0;0;3;0;0;6;0;0;0;0;6;3;0;0;0
"13/08/2023";"14:18:00";"173";"AC02-ACIDE";"104";"BR-163/PA";"Norte";"Tombamento";0;0;1;0;0;0;0;0;0;0;1;1;0;0;0
"14/08/2023";"03:33:00";"23";"AC02-ACIDE";"563";"BR-163/PA";"Sul";"Saida de Pista";0;0;1;0;0;1;0;0;0;0;1;2;0;0;0
"14/08/2023";"17:28:00";"225";"AC02-ACIDE";"433,2";"BR-163/PA";"Norte";"Tombamento";0;0;1;0;0;1;0;0;0;0;1;1;0;0;0
"15/08/2023";"00:45:00";"14";"AC02-ACIDE";"1035";"BR-163/MT";"Norte";"Colisão Lateral";1;0;1;0;0;0;0;0;0;1;2;3;0;0;0
"15/08/2023";"09:18:00";"76";"AC02-ACIDE";"309,5";"BR-163/PA";"Sul";"Capotamento";0;0;0;0;0;0;0;0;0;1;0;1;0;0;0
"15/08/2023";"19:55:00";"275";"AC01-ACIDE";"313,5";"BR-163/PA";"Norte";"Colisão Transversal";1;0;0;0;1;0;0;0;0;0;1;8;0;0;1
"16/08/2023";"14:08:00";"174";"AC02-ACIDE";"899";"BR-163/MT";"Sul";"Engavetamento";1;0;2;0;0;1;0;0;0;0;4;1;0;0;0
"16/08/2023";"21:04:00";"247";"AC03-ACIDE";"947,864";"BR-163/MT";"Norte";"Saida de Pista";1;0;0;0;0;1;0;0;0;0;2;0;0;0;0
"17/08/2023";"02:51:00";"16";"AC02-ACIDE";"353,652";"BR-163/PA";"Sul";"Saida de Pista";0;0;1;0;0;2;0;0;0;0;2;1;0;0;0
"17/08/2023";"10:29:00";"141";"AC02-ACIDE";"652,401";"BR-163/PA";"Norte";"Tombamento";0;0;1;0;0;2;0;0;0;0;2;2;0;0;0
"17/08/2023";"10:42:00";"144";"AC02-ACIDE";"979,29";"BR-163/MT";"Norte";"Colisão Frontal";0;0;3;0;0;0;0;0;0;0;1;1;1;0;0
"17/08/2023";"19:04:00";"248";"AC01-ACIDE";"571";"BR-163/PA";"Norte";"Colisão Frontal";1;0;1;0;0;1;0;0;0;0;5;0;0;0;1
"17/08/2023";"20:00:00";"254";"AC01-ACIDE";"52";"BR-163/PA";"Sul";"Atropelamento - Andarilho";0;0;0;0;0;0;0;0;0;0;0;0;0;0;1
"18/08/2023";"06:58:00";"29";"AC03-ACIDE";"917,304";"BR-163/MT";"Sul";"Colisão Traseira";0;0;1;0;0;2;0;0;0;1;5;0;0;0;0
"18/08/2023";"08:17:00";"57";"AC02-ACIDE";"418,39";"BR-163/PA";"Sul";"Engavetamento";0;0;1;0;0;3;0;0;0;0;3;1;0;0;0
"18/08/2023";"10:26:00";"123";"AC02-ACIDE";"616,327";"BR-163/PA";"Norte";"Queda de Moto";0;0;0;1;0;0;0;0;0;0;0;1;0;0;0
"18/08/2023";"10:27:00";"125";"AC03-ACIDE";"897";"BR-163/MT";"Sul";"Colisão Traseira";0;0;1;0;0;1;0;0;0;0;2;0;0;0;0
"18/08/2023";"10:31:00";"126";"AC02-ACIDE";"979,29";"BR-163/MT";"Norte";"Choque - Barranco";0;0;0;0;0;0;0;0;0;1;0;2;0;0;0
"18/08/2023";"19:16:00";"223";"AC02-ACIDE";"591,709";"BR-163/PA";"Sul";"Saida de Pista";0;0;1;0;0;0;0;0;0;1;2;0;2;0;0
"19/08/2023";"05:11:00";"28";"AC03-ACIDE";"636";"BR-163/PA";"Norte";"Colisão Traseira";0;0;2;0;0;4;0;0;0;0;6;0;0;0;0
"19/08/2023";"07:01:00";"37";"AC02-ACIDE";"1110,19";"BR-230/PA";"Leste";"Tombamento";0;0;1;0;0;2;0;0;0;0;2;1;0;0;0
"19/08/2023";"09:48:00";"105";"AC03-ACIDE";"897";"BR-163/MT";"Norte";"Colisão Traseira";1;0;1;0;0;0;0;0;0;0;6;0;0;0;0
"19/08/2023";"18:23:00";"265";"AC02-ACIDE";"929,26";"BR-163/MT";"Sul";"Queda de Moto";0;0;0;1;0;0;0;0;0;0;0;0;1;0;0
"19/08/2023";"21:05:00";"288";"AC03-ACIDE";"977";"BR-163/MT";"Norte";"Capotamento";1;0;0;0;0;0;0;0;0;0;1;0;0;0;0
"19/08/2023";"21:57:00";"295";"AC02-ACIDE";"1110,30";"BR-163/MT";"Sul";"Tombamento";0;0;1;0;0;0;0;0;0;0;0;1;0;0;0
"20/08/2023";"08:23:00";"44";"AC03-ACIDE";"65";"BR-163/PA";"Norte";"Tombamento";0;0;1;0;0;2;0;0;0;0;3;0;0;0;0
"20/08/2023";"20:01:00";"215";"AC01-ACIDE";"1026,3";"BR-163/MT";"Norte";"Atropelamento de Animal";1;0;0;1;0;0;0;0;0;0;1;0;0;0;1
"21/08/2023";"18:58:00";"276";"AC03-ACIDE";"1112,32";"BR-230/PA";"Oeste";"Colisão Traseira";0;0;1;0;0;0;0;0;0;1;2;0;0;0;0
"22/08/2023";"07:00:00";"41";"AC03-ACIDE";"278,433";"BR-163/PA";"Sul";"Queda de Moto";0;0;0;1;0;0;0;0;0;0;1;0;0;0;0
"22/08/2023";"16:12:00";"202";"AC03-ACIDE";"1032";"BR-163/MT";"Norte";"Colisão Traseira";0;0;1;0;0;1;0;0;0;0;2;0;0;0;0
"22/08/2023";"19:15:00";"216";"AC03-ACIDE";"1033,8";"BR-163/MT";"Norte";"Engavetamento";2;0;0;0;0;1;0;0;0;0;4;0;0;0;0
"22/08/2023";"20:25:00";"219";"AC03-ACIDE";"1023";"BR-163/MT";"Norte";"Colisão Traseira";0;0;1;0;0;1;0;0;0;0;2;0;0;0;0
"22/08/2023";"21:36:00";"222";"AC03-ACIDE";"545,1";"BR-163/PA";"Norte";"Tombamento";0;0;1;0;0;1;0;0;0;0;2;0;0;0;0
"23/08/2023";"07:12:00";"40";"AC02-ACIDE";"104,069";"BR-163/PA";"Norte";"Colisão Lateral";0;0;2;0;0;4;0;0;0;0;4;2;0;0;0
"23/08/2023";"07:13:00";"41";"AC02-ACIDE";"618";"BR-163/PA";"Norte";"Tombamento";0;0;1;0;0;1;0;0;0;0;1;1;0;0;0
"23/08/2023";"09:16:00";"77";"AC03-ACIDE";"1034,80";"BR-163/MT";"Sul";"Saida de Pista";1;0;0;0;0;0;0;0;0;0;2;0;0;0;0
"23/08/2023";"18:51:00";"209";"AC03-ACIDE";"1029,95";"BR-163/MT";"Norte";"Colisão Lateral";0;0;0;0;0;1;0;0;0;1;2;0;0;0;0
"24/08/2023";"00:38:00";"4";"AC02-ACIDE";"16,199";"BR-163/PA";"Sul";"Saida de Pista";0;0;1;0;0;2;0;0;0;0;2;1;0;0;0
"24/08/2023";"05:18:00";"26";"AC03-ACIDE";"1006,08";"BR-163/MT";"Sul";"Atropelamento de Animal";0;0;0;0;0;0;0;0;0;1;1;0;0;0;0
"24/08/2023";"09:18:00";"98";"AC02-ACIDE";"1112";"BR-230/PA";"Leste";"Tombamento";0;0;1;0;0;2;0;0;0;0;2;1;0;0;0
"24/08/2023";"14:10:00";"166";"AC03-ACIDE";"1053,66";"BR-163/MT";"Norte";"Queda de Moto";0;0;0;1;0;0;0;0;0;0;2;0;0;0;0
"24/08/2023";"14:24:00";"169";"AC02-ACIDE";"469,346";"BR-163/PA";"Sul";"Colisão Frontal";0;0;1;0;0;2;0;0;0;1;2;2;0;1;0
"24/08/2023";"14:27:00";"171";"AC02-ACIDE";"639";"BR-163/PA";"Norte";"Colisão Frontal";0;0;2;0;0;1;0;0;0;0;1;3;0;0;0
"24/08/2023";"20:10:00";"225";"AC03-ACIDE";"940";"BR-163/MT";"Sul";"Tombamento";0;0;0;0;0;0;0;0;0;1;1;0;0;0;0
"25/08/2023";"00:22:00";"4";"AC02-ACIDE";"1114,34";"BR-163/MT";"Sul";"Colisão Traseira";0;0;2;0;0;0;0;0;0;0;0;2;0;0;0
"25/08/2023";"06:14:00";"31";"AC02-ACIDE";"929";"BR-163/MT";"Norte";"Colisão Traseira";0;0;2;0;0;2;0;0;0;0;2;2;0;0;0
"25/08/2023";"14:04:00";"141";"AC03-ACIDE";"971,1";"BR-163/MT";"Norte";"Colisão Lateral";0;0;2;0;0;0;0;0;0;0;2;0;0;0;0
"25/08/2023";"21:55:00";"218";"AC02-ACIDE";"950";"BR-163/MT";"Sul";"Tombamento";0;0;1;0;0;0;0;0;0;0;0;1;0;0;0
"26/08/2023";"01:37:00";"16";"AC03-ACIDE";"986";"BR-163/MT";"Norte";"Saida de Pista";1;0;0;0;0;0;0;0;0;0;1;0;0;0;0
"26/08/2023";"06:36:00";"37";"AC02-ACIDE";"949,63";"BR-163/MT";"Sul";"Tombamento";0;0;1;0;0;0;0;0;0;0;0;1;0;0;0
"26/08/2023";"09:25:00";"87";"AC02-ACIDE";"618,841";"BR-163/PA";"Norte";"Tombamento";0;0;1;0;0;2;0;0;0;0;2;1;0;0;0
"26/08/2023";"22:07:00";"217";"AC02-ACIDE";"450";"BR-163/PA";"Norte";"Atropelamento de Animal";0;0;0;0;0;0;0;0;0;1;0;1;0;0;0
"27/08/2023";"18:45:00";"188";"AC01-ACIDE";"988,92";"BR-163/MT";"Sul";"Colisão Frontal";0;0;0;1;0;0;0;0;0;1;2;0;0;0;1
"28/08/2023";"06:00:00";"30";"AC03-ACIDE";"918,85";"BR-163/MT";"Norte";"Saida de Pista";1;0;0;0;0;0;0;0;0;0;1;0;0;0;0
"28/08/2023";"18:23:00";"211";"AC02-ACIDE";"1111";"BR-163/MT";"Sul";"Colisão Lateral";0;0;2;0;0;4;0;0;0;1;4;6;1;0;0
"29/08/2023";"00:52:00";"5";"AC02-ACIDE";"672,591";"BR-163/PA";"Norte";"Colisão Lateral";0;0;2;0;0;0;0;0;0;0;1;1;0;0;0
"29/08/2023";"10:11:00";"106";"AC02-ACIDE";"916,705";"BR-163/MT";"Norte";"Engavetamento";0;0;3;0;0;4;0;0;0;0;4;3;0;0;0
"30/08/2023";"04:05:00";"19";"AC03-ACIDE";"141,159";"BR-163/PA";"Sul";"Atropelamento de Animal";0;0;1;0;0;0;0;0;0;0;1;0;0;0;0
"30/08/2023";"05:22:00";"23";"AC02-ACIDE";"257";"BR-163/PA";"Norte";"Colisão Traseira";0;0;1;0;0;1;0;0;0;0;1;1;0;0;0
"30/08/2023";"17:21:00";"201";"AC02-ACIDE";"1110,91";"BR-230/PA";"Leste";"Tombamento";0;0;1;0;0;1;0;0;0;0;1;1;0;0;0
"30/08/2023";"21:14:00";"220";"AC02-ACIDE";"948,503";"BR-163/MT";"Sul";"Saida de Pista";0;0;1;0;0;1;0;0;0;0;1;1;0;0;0
"30/08/2023";"22:01:00";"226";"AC03-ACIDE";"104,965";"BR-163/PA";"Norte";"Tombamento";0;0;1;0;0;1;0;0;0;0;3;0;0;0;0
"31/08/2023";"13:34:00";"117";"AC02-ACIDE";"617,686";"BR-163/PA";"Sul";"Tombamento";0;0;1;0;0;0;0;0;0;0;0;1;0;0;0
"31/08/2023";"15:55:00";"147";"AC02-ACIDE";"1026";"BR-163/MT";"Norte";"Colisão Transversal";0;0;0;1;0;0;0;0;0;1;0;3;0;0;0
"01/09/2023";"05:33:00";"28";"AC03-ACIDE";"439,718";"BR-163/PA";"Sul";"Atropelamento de Animal";0;0;0;0;0;0;0;0;0;1;2;0;0;0;0
"01/09/2023";"09:45:00";"101";"AC02-ACIDE";"104,961";"BR-163/PA";"Sul";"Colisão Traseira";0;0;2;0;0;4;0;0;0;0;4;1;0;0;0
"01/09/2023";"18:11:00";"187";"AC03-ACIDE";"1066,8";"BR-163/MT";"Norte";"Colisão Frontal";0;0;0;2;0;0;0;0;0;0;2;0;0;0;0
"01/09/2023";"19:39:00";"193";"AC02-ACIDE";"1030,57";"BR-163/MT";"Norte";"Colisão Transversal";1;0;0;1;0;0;0;0;0;0;1;1;0;0;0
"01/09/2023";"22:52:00";"204";"AC02-ACIDE";"320,84";"BR-163/PA";"Norte";"Colisão Lateral";0;0;0;0;0;1;0;0;0;1;0;3;0;0;0
"02/09/2023";"05:05:00";"22";"AC02-ACIDE";"151,181";"BR-163/PA";"Norte";"Colisão Traseira";0;0;0;1;0;1;0;0;0;0;1;1;0;0;0
"02/09/2023";"05:28:00";"23";"AC02-ACIDE";"1063,16";"BR-163/MT";"Norte";"Queda de Moto";0;0;0;1;0;0;0;0;0;0;1;1;0;0;0
"02/09/2023";"13:20:00";"144";"AC03-ACIDE";"928";"BR-163/MT";"Sul";"Saida de Pista";1;0;1;0;0;0;0;0;0;0;5;0;0;0;0
"02/09/2023";"14:29:00";"154";"AC01-ACIDE";"310";"BR-163/PA";"Norte";"Colisão Lateral";0;0;0;1;0;1;0;0;0;0;1;0;0;0;1
"02/09/2023";"15:13:00";"162";"AC03-ACIDE";"937";"BR-163/MT";"Sul";"Colisão Lateral";1;0;1;0;0;0;0;0;0;0;3;0;0;0;0
"02/09/2023";"15:20:00";"163";"AC02-ACIDE";"306,15";"BR-163/PA";"Sul";"Capotamento";1;0;0;0;0;1;0;0;0;0;1;1;0;0;0
"02/09/2023";"15:47:00";"166";"AC03-ACIDE";"928";"BR-163/MT";"Sul";"Colisão Traseira";1;0;0;0;0;0;0;0;0;0;1;0;0;0;0
"02/09/2023";"17:51:00";"196";"AC02-ACIDE";"63,898";"BR-163/PA";"Sul";"Colisão Lateral";0;0;1;0;0;0;0;0;0;0;1;1;0;0;0
"03/09/2023";"18:32:00";"162";"AC03-ACIDE";"1038,5";"BR-163/MT";"Norte";"Colisão Lateral";0;0;0;0;0;2;0;0;0;0;3;0;0;0;0
"04/09/2023";"04:52:00";"22";"AC03-ACIDE";"908,875";"BR-163/MT";"Norte";"Saida de Pista";0;0;0;0;0;0;0;0;0;1;1;0;0;0;0
"04/09/2023";"08:03:00";"41";"AC03-ACIDE";"582";"BR-163/PA";"Norte";"Colisão Traseira";0;0;2;0;0;0;0;0;0;0;2;0;0;0;0
"04/09/2023";"17:00:00";"216";"AC03-ACIDE";"1036,55";"BR-163/MT";"Sul";"Colisão Lateral";1;0;1;0;0;0;0;0;0;0;2;0;0;0;0
"04/09/2023";"22:23:00";"261";"AC02-ACIDE";"66,549";"BR-163/PA";"Sul";"Atropelamento de Animal";0;0;1;0;0;0;0;0;0;0;0;1;0;0;0
"05/09/2023";"03:02:00";"24";"AC02-ACIDE";"574,074";"BR-163/PA";"Sul";"Colisão Traseira";0;0;2;0;0;2;0;0;0;0;1;0;1;0;0
"05/09/2023";"18:49:00";"276";"AC03-ACIDE";"159";"BR-163/PA";"Norte";"Colisão Lateral";0;0;1;0;0;0;0;0;0;1;2;0;0;0;0
"06/09/2023";"18:27:00";"211";"AC02-ACIDE";"965,667";"BR-163/MT";"Sul";"Colisão Lateral";1;0;1;0;0;0;0;0;0;0;4;1;0;0;0
"06/09/2023";"21:47:00";"220";"AC02-ACIDE";"1113,34";"BR-230/PA";"Leste";"Tombamento";0;0;2;0;0;0;0;0;0;0;0;2;0;0;0
"07/09/2023";"09:01:00";"91";"AC02-ACIDE";"618";"BR-163/PA";"Norte";"Tombamento";0;0;1;0;0;2;0;0;0;0;0;0;1;0;0
"07/09/2023";"09:48:00";"103";"AC02-ACIDE";"622";"BR-163/PA";"Norte";"Atropelamento - Sem Informação";0;0;0;1;0;0;0;0;0;1;1;1;0;0;0
"07/09/2023";"12:50:00";"142";"AC02-ACIDE";"1066,04";"BR-163/MT";"Norte";"Colisão Traseira";1;0;1;0;0;0;0;0;0;0;2;1;0;0;0
"07/09/2023";"19:29:00";"212";"AC01-ACIDE";"626";"BR-163/PA";"Sul";"Colisão Transversal";0;0;1;1;0;0;0;0;0;0;1;0;0;0;1
"08/09/2023";"05:01:00";"21";"AC02-ACIDE";"671,412";"BR-163/PA";"Norte";"Capotamento";1;0;0;0;0;0;0;0;0;0;0;2;0;0;0
"08/09/2023";"06:24:00";"28";"AC02-ACIDE";"892";"BR-163/MT";"Norte";"Colisão Frontal";1;0;1;0;0;0;0;0;0;0;1;0;0;1;0
"08/09/2023";"12:59:00";"145";"AC02-ACIDE";"943,376";"BR-163/MT";"Norte";"Engavetamento";1;0;2;0;0;3;0;0;0;0;4;1;0;0;0
"08/09/2023";"14:05:00";"154";"AC03-ACIDE";"21,298";"BR-163/PA";"Norte";"Colisão Traseira";1;0;0;0;0;1;0;0;0;0;3;0;0;0;0
"08/09/2023";"14:54:00";"159";"AC03-ACIDE";"335";"BR-163/PA";"Norte";"Tombamento";0;0;1;0;0;0;0;0;0;0;1;0;0;0;0
"09/09/2023";"03:22:00";"20";"AC02-ACIDE";"1017,59";"BR-163/MT";"Sul";"Queda de Moto";0;0;0;1;0;0;0;0;0;0;0;1;0;0;0
"09/09/2023";"16:28:00";"154";"AC02-ACIDE";"263";"BR-163/PA";"Norte";"Tombamento";0;0;1;0;0;2;0;0;0;0;0;1;0;0;0
"09/09/2023";"19:36:00";"185";"AC03-ACIDE";"477,5";"BR-163/PA";"Norte";"Colisão Lateral";0;0;1;0;0;1;0;0;0;0;2;0;0;0;0
"09/09/2023";"21:56:00";"191";"AC02-ACIDE";"1104,32";"BR-163/MT";"Norte";"Tombamento";0;0;1;0;0;2;0;0;0;0;0;1;0;0;0
"09/09/2023";"22:53:00";"193";"AC02-ACIDE";"163,42";"BR-163/PA";"Norte";"Saida de Pista";0;0;0;1;0;1;0;0;0;0;1;1;0;0;0
"10/09/2023";"09:26:00";"75";"AC02-ACIDE";"607,443";"BR-163/PA";"Norte";"Colisão Traseira";0;0;2;0;1;0;0;0;0;0;2;4;0;0;0
"10/09/2023";"16:04:00";"126";"AC03-ACIDE";"865,217";"BR-163/MT";"Sul";"Engavetamento";2;0;0;0;0;2;0;0;0;0;10;0;0;0;0
"10/09/2023";"19:26:00";"153";"AC03-ACIDE";"136";"BR-163/PA";"Norte";"Colisão Frontal";1;0;1;0;0;0;0;0;0;0;3;0;0;0;0
"11/09/2023";"00:39:00";"6";"AC03-ACIDE";"157,683";"BR-163/PA";"Norte";"Colisão Traseira";0;0;1;0;0;2;0;0;0;1;2;0;0;0;0
"11/09/2023";"06:21:00";"34";"AC03-ACIDE";"241";"BR-163/PA";"Norte";"Capotamento";0;0;0;0;0;0;0;0;0;1;1;0;0;0;0
"11/09/2023";"15:35:00";"175";"AC03-ACIDE";"931,496";"BR-163/MT";"Sul";"Tombamento";0;0;1;0;0;0;0;0;0;0;1;0;0;0;0
"11/09/2023";"20:20:00";"223";"AC02-ACIDE";"433,862";"BR-163/PA";"Norte";"Tombamento";0;0;1;0;0;0;0;0;0;0;0;1;0;0;0
"12/09/2023";"04:34:00";"19";"AC02-ACIDE";"410";"BR-163/PA";"Norte";"Queda de Moto";0;0;0;1;0;1;0;0;0;0;1;1;0;0;0
"12/09/2023";"06:49:00";"29";"AC02-ACIDE";"943";"BR-163/MT";"Norte";"Colisão Frontal";1;0;2;0;0;0;0;0;0;0;1;6;1;0;0