data;horario;n_da_ocorrencia;tipo_de_ocorrencia;km;trecho;sentido;tipo_de_acidente;automovel;bicicleta;caminhao;moto;onibus;outros;tracao_animal;transporte_de_cargas_especiais;trator_maquinas;utilitarios;ilesos;levemente_feridos;moderadamente_feridos;gravemente_feridos;mortos
"03/11/2023";"19:04:00";"173";"AC02-ACIDE";"296";"BR-163/PA";"Norte";"Colisão Traseira";0;0;1;0;0;0;0;0;0;1;0;1;1;0;0
"03/11/2023";"20:05:00";"175";"AC02-ACIDE";"892";"BR-163/MT";"Norte";"Saida de Pista";1;0;0;0;0;0;0;0;0;0;0;1;0;0;0
"04/11/2023";"04:53:00";"25";"AC02-ACIDE";"318,755";"BR-163/PA";"Norte";"Atropelamento de Animal";0;0;0;0;1;0;0;0;0;0;0;1;0;0;0
"04/11/2023";"16:43:00";"134";"AC03-ACIDE";"512,615";"BR-163/PA";"Sul";"Tombamento";0;0;1;0;0;0;0;0;0;0;1;0;0;0;0
"04/11/2023";"18:15:00";"148";"AC02-ACIDE";"362,494";"BR-163/PA";"Norte";"Saida de Pista";0;0;1;0;0;2;0;0;0;0;2;1;0;0;0
"05/11/2023";"17:43:00";"137";"AC02-ACIDE";"1114,94";"BR-163/MT";"Norte";"Colisão Transversal";1;0;0;0;0;0;0;0;0;1;1;6;0;0;0
"05/11/2023";"18:56:00";"145";"AC02-ACIDE";"274";"BR-163/PA";"Sul";"Atropelamento de Animal";0;0;0;0;0;0;0;0;0;1;0;2;0;0;0
"05/11/2023";"19:18:00";"146";"AC02-ACIDE";"189,502";"BR-163/PA";"Sul";"Capotamento";1;0;0;0;0;0;0;0;0;0;0;1;0;0;0
"06/11/2023";"17:56:00";"199";"AC02-ACIDE";"400,2";"BR-163/PA";"Norte";"Saida de Pista";0;0;0;0;0;0;0;0;0;1;0;2;0;0;0
"06/11/2023";"18:14:00";"200";"AC03-ACIDE";"324";"BR-163/PA";"Norte";"Queda de Moto";0;0;0;1;0;0;0;0;0;0;2;0;0;0;0
"06/11/2023";"20:34:00";"211";"AC03-ACIDE";"887";"BR-163/MT";"Norte";"Choque - Arvore";0;0;0;0;0;0;0;0;0;1;4;0;0;0;0
"06/11/2023";"20:51:00";"212";"AC03-ACIDE";"879,256";"BR-163/MT";"Sul";"Queda de Moto";0;0;0;1;0;0;0;0;0;0;1;0;0;0;0
"06/11/2023";"23:43:00";"232";"AC02-ACIDE";"235,906";"BR-163/PA";"Norte";"Atropelamento de Animal";0;0;0;0;0;0;0;0;0;1;0;2;0;0;0
"07/11/2023";"23:30:00";"224";"AC02-ACIDE";"621,869";"BR-163/PA";"Norte";"Queda de Moto";0;0;0;1;0;1;0;0;0;0;1;1;1;0;0
"08/11/2023";"19:53:00";"170";"AC02-ACIDE";"1103";"BR-163/MT";"Sul";"Capotamento";1;0;0;0;0;0;0;0;0;0;0;2;0;0;0
"09/11/2023";"01:48:00";"16";"AC02-ACIDE";"1032,42";"BR-163/MT";"Norte";"Choque - Defensa, barreira ou meio fio";1;0;0;0;0;0;0;0;0;0;0;4;0;0;0
"09/11/2023";"15:06:00";"186";"AC03-ACIDE";"312";"BR-163/PA";"Norte";"Colisão Traseira";1;0;0;0;0;0;0;0;0;1;2;0;0;0;0
"10/11/2023";"16:28:00";"212";"AC03-ACIDE";"936";"BR-163/MT";"Norte";"Colisão Lateral";0;0;2;0;0;0;0;0;0;0;3;0;0;0;0
"10/11/2023";"17:48:00";"232";"AC02-ACIDE";"932,812";"BR-163/MT";"Norte";"Colisão Lateral";2;0;1;0;0;0;0;0;0;1;3;3;0;0;0
"11/11/2023";"01:27:00";"9";"AC02-ACIDE";"644,682";"BR-163/PA";"Sul";"Saida de Pista";1;0;0;0;0;0;0;0;0;0;0;1;0;0;0
"11/11/2023";"01:35:00";"10";"AC02-ACIDE";"267,088";"BR-163/PA";"Sul";"Atropelamento de Animal";0;0;0;0;0;0;0;0;0;1;0;1;1;0;0
"11/11/2023";"14:45:00";"158";"AC02-ACIDE";"1015,80";"BR-163/MT";"Norte";"Saida de Pista";0;0;1;0;0;2;0;0;0;0;2;0;1;0;0
"11/11/2023";"19:22:00";"196";"AC03-ACIDE";"1073,57";"BR-163/MT";"Sul";"Atropelamento de Animal";0;0;0;0;0;0;0;0;0;1;2;0;0;0;0
"12/11/2023";"00:31:00";"2";"AC02-ACIDE";"1022,24";"BR-163/MT";"Sul";"Saida de Pista";1;0;0;0;0;0;0;0;0;0;0;1;0;0;0
"12/11/2023";"01:11:00";"3";"AC02-ACIDE";"11,902";"BR-163/PA";"Sul";"Saida de Pista";0;0;0;0;0;0;0;0;0;1;0;1;0;0;0
"12/11/2023";"12:25:00";"110";"AC03-ACIDE";"653";"BR-163/PA";"Norte";"Tombamento";0;0;1;0;0;3;0;0;0;0;4;0;0;0;0
"12/11/2023";"21:11:00";"160";"AC02-ACIDE";"308,01";"BR-163/PA";"Norte";"Queda de Moto";0;0;0;1;0;0;0;0;0;0;0;1;0;0;0
"12/11/2023";"22:35:00";"165";"AC01-ACIDE";"302,6";"BR-163/PA";"Norte";"Colisão Frontal";1;0;0;1;0;0;0;0;0;0;1;1;0;0;3
"13/11/2023";"11:22:00";"131";"AC03-ACIDE";"626";"BR-163/PA";"Sul";"Colisão Lateral";1;0;1;0;0;0;0;0;0;0;3;0;0;0;0
"13/11/2023";"21:58:00";"206";"AC02-ACIDE";"1007,66";"BR-163/MT";"Sul";"Capotamento";0;0;0;0;0;0;0;0;0;1;0;1;0;0;0
"14/11/2023";"23:34:00";"205";"AC02-ACIDE";"405,896";"BR-163/PA";"Norte";"Saida de Pista";0;0;0;0;0;0;0;0;0;1;0;0;2;0;0
"15/11/2023";"00:01:00";"1";"AC03-ACIDE";"1122,61";"BR-230/PA";"Oeste";"Atropelamento de Animal";1;0;0;0;0;0;0;0;0;0;1;0;0;0;0
"15/11/2023";"08:43:00";"65";"AC02-ACIDE";"617,865";"BR-163/PA";"Sul";"Tombamento";0;0;1;0;0;2;0;0;0;0;2;0;0;1;0
"15/11/2023";"14:22:00";"167";"AC02-ACIDE";"970";"BR-163/MT";"Sul";"Capotamento";0;0;0;0;0;0;0;0;0;1;0;2;0;0;0
"16/11/2023";"04:45:00";"21";"AC02-ACIDE";"1107,45";"BR-163/MT";"Norte";"Atropelamento de Animal";0;0;0;0;0;0;0;0;0;1;0;4;0;0;0
"17/11/2023";"08:03:00";"34";"AC02-ACIDE";"268";"BR-163/PA";"Sul";"Capotamento";0;0;0;0;0;0;0;0;0;1;0;1;0;0;0
"17/11/2023";"14:17:00";"157";"AC03-ACIDE";"426";"BR-163/PA";"Sul";"Tombamento";0;0;1;0;0;0;0;0;0;0;1;0;0;0;0
"17/11/2023";"18:22:00";"185";"AC02-ACIDE";"660,25";"BR-163/PA";"Norte";"Atropelamento de Animal";0;0;0;1;0;0;0;0;0;1;0;2;0;0;0
"18/11/2023";"08:20:00";"36";"AC03-ACIDE";"987";"BR-163/MT";"Sul";"Colisão Traseira";2;0;0;0;0;0;0;0;0;0;3;0;0;0;0
"18/11/2023";"14:58:00";"113";"AC02-ACIDE";"284,089";"BR-163/PA";"Sul";"Saida de Pista";1;0;0;0;0;0;0;0;0;0;0;1;0;0;0
"18/11/2023";"15:28:00";"116";"AC03-ACIDE";"1035,2";"BR-163/MT";"Sul";"Saida de Pista";1;0;0;0;0;0;0;0;0;0;1;0;0;0;0
"18/11/2023";"23:39:00";"165";"AC03-ACIDE";"1034,57";"BR-163/MT";"Sul";"Saida de Pista";1;0;0;0;0;1;0;0;0;0;2;0;0;0;0
"19/11/2023";"09:37:00";"76";"AC03-ACIDE";"908";"BR-163/MT";"Sul";"Atropelamento de Animal";0;0;0;0;0;0;0;0;0;1;1;0;0;0;0
"19/11/2023";"16:35:00";"148";"AC03-ACIDE";"937,354";"BR-163/MT";"Norte";"Choque - Poste";1;0;0;0;0;0;0;0;0;0;2;0;0;0;0
"19/11/2023";"18:48:00";"161";"AC02-ACIDE";"1029,5";"BR-163/MT";"Norte";"Colisão Transversal";1;0;0;0;0;0;0;0;0;1;2;1;0;0;0
"19/11/2023";"21:00:00";"173";"AC02-ACIDE";"132,801";"BR-163/PA";"Norte";"Atropelamento de Animal";1;0;0;0;0;0;0;0;0;0;0;2;0;0;0
"19/11/2023";"22:47:00";"187";"AC03-ACIDE";"161,993";"BR-163/PA";"Norte";"Colisão Transversal";0;0;0;0;0;1;0;0;0;1;2;0;0;0;0
"20/11/2023";"01:56:00";"16";"AC02-ACIDE";"1035,21";"BR-163/MT";"Sul";"Saida de Pista";1;0;0;0;0;0;0;0;0;0;0;1;0;0;0
"21/11/2023";"02:04:00";"6";"AC03-ACIDE";"608,601";"BR-163/PA";"Sul";"Saida de Pista";0;0;0;0;0;0;0;0;0;1;1;0;0;0;0
"21/11/2023";"06:23:00";"25";"AC03-ACIDE";"143,263";"BR-163/PA";"Sul";"Tombamento";0;0;1;0;0;2;0;0;0;0;3;0;0;0;0
"21/11/2023";"09:26:00";"72";"AC02-ACIDE";"139,973";"BR-163/PA";"Norte";"Capotamento";1;0;0;0;0;0;0;0;0;0;0;1;0;0;0
"23/11/2023";"07:27:00";"35";"AC02-ACIDE";"241,442";"BR-163/PA";"Sul";"Tombamento";0;0;1;0;0;1;0;0;0;0;1;1;0;0;0
"23/11/2023";"08:53:00";"79";"AC02-ACIDE";"99,4";"BR-163/PA";"Sul";"Capotamento";1;0;0;0;0;1;0;0;0;0;1;1;0;0;0
"23/11/2023";"16:31:00";"208";"AC02-ACIDE";"14,346";"BR-163/PA";"Norte";"Saida de Pista";0;0;0;0;0;0;0;0;0;1;0;2;0;0;0
"23/11/2023";"19:22:00";"225";"AC02-ACIDE";"281,935";"BR-163/PA";"Norte";"Saida de Pista";1;0;0;0;0;0;0;0;0;0;0;1;0;0;0
"24/11/2023";"02:55:00";"20";"AC02-ACIDE";"106,259";"BR-163/PA";"Norte";"Saida de Pista";0;0;0;0;0;0;0;0;0;1;0;1;0;0;0
"24/11/2023";"19:40:00";"213";"AC03-ACIDE";"1014,12";"BR-163/MT";"Norte";"Atropelamento de Animal";1;0;0;0;0;0;0;0;0;0;1;0;0;0;0
"25/11/2023";"00:22:00";"5";"AC01-ACIDE";"379";"BR-163/PA";"Norte";"Colisão Frontal";0;0;1;1;0;2;0;0;0;0;3;0;0;0;1
"25/11/2023";"22:46:00";"189";"AC03-ACIDE";"920,02";"BR-163/MT";"Sul";"Saida de Pista";1;0;0;0;0;0;0;0;0;0;1;0;0;0;0
"26/11/2023";"19:20:00";"137";"AC03-ACIDE";"488";"BR-163/PA";"Norte";"Atropelamento de Animal";1;0;0;0;0;0;0;0;0;0;2;0;0;0;0
"27/11/2023";"00:43:00";"8";"AC03-ACIDE";"988,512";"BR-163/MT";"Norte";"Atropelamento de Animal";1;0;0;0;0;0;0;0;0;0;2;0;0;0;0
"28/11/2023";"09:40:00";"88";"AC01-ACIDE";"1110,97";"BR-230/PA";"Leste";"Capotamento";0;0;1;0;0;0;0;0;0;0;0;0;0;0;1
"29/11/2023";"04:18:00";"20";"AC02-ACIDE";"577,476";"BR-163/PA";"Norte";"Colisão Lateral";0;0;2;0;0;0;0;0;0;0;0;2;0;0;0
"29/11/2023";"09:30:00";"92";"AC03-ACIDE";"1030";"BR-163/MT";"Norte";"Colisão Transversal";1;0;0;0;0;0;0;0;0;1;2;0;0;0;0
"29/11/2023";"09:55:00";"99";"AC03-ACIDE";"446";"BR-163/PA";"Sul";"Colisão Traseira";0;0;1;0;0;1;0;0;0;0;2;0;0;0;0
"29/11/2023";"18:45:00";"176";"AC03-ACIDE";"578";"BR-163/PA";"Sul";"Colisão Lateral";0;0;2;0;0;0;0;0;0;0;2;0;0;0;0
"29/11/2023";"19:20:00";"179";"AC03-ACIDE";"940,08";"BR-163/MT";"Sul";"Atropelamento de Animal";1;0;0;0;0;0;0;0;0;0;2;0;0;0;0
"29/11/2023";"19:35:00";"180";"AC02-ACIDE";"96,044";"BR-163/PA";"Norte";"Tombamento";0;0;1;0;0;0;0;0;0;0;0;1;0;0;0
"29/11/2023";"20:21:00";"182";"AC02-ACIDE";"1056,30";"BR-163/MT";"Sul";"Queda de Moto";0;0;0;1;0;0;0;0;0;0;1;1;0;0;0
"30/11/2023";"12:17:00";"113";"AC02-ACIDE";"1035,31";"BR-163/MT";"Sul";"Saida de Pista";0;0;1;1;0;0;0;0;0;0;0;2;0;0;0
"30/11/2023";"18:15:00";"163";"AC02-ACIDE";"577,039";"BR-163/PA";"Norte";"Atropelamento de Animal";0;0;0;0;0;0;0;0;0;1;0;1;0;0;0
"30/11/2023";"22:36:00";"187";"AC03-ACIDE";"1110";"BR-163/MT";"Norte";"Tombamento";0;0;1;0;0;1;0;0;0;0;2;0;0;0;0
"01/12/2023";"05:28:00";"21";"AC02-ACIDE";"215,502";"BR-163/PA";"Norte";"Atropelamento de Animal";1;0;0;0;0;0;0;0;0;0;0;2;0;0;0
"01/12/2023";"07:26:00";"35";"AC02-ACIDE";"408,5";"BR-163/PA";"Sul";"Queda de Moto";0;0;0;1;0;0;0;0;0;0;0;3;0;0;0
"01/12/2023";"08:42:00";"58";"AC02-ACIDE";"532,99";"BR-163/PA";"Norte";"Colisão Traseira";0;0;1;0;0;0;0;0;0;1;0;5;0;0;0
"01/12/2023";"14:58:00";"119";"AC02-ACIDE";"954,8";"BR-163/MT";"Norte";"Colisão Traseira";0;0;2;0;0;1;0;0;0;0;2;1;0;0;0
"01/12/2023";"23:51:00";"200";"AC03-ACIDE";"41,686";"BR-163/PA";"Sul";"Choque - Arvore";1;0;0;0;0;0;0;0;0;0;5;0;0;0;0
"02/12/2023";"00:25:00";"2";"AC03-ACIDE";"913,719";"BR-163/MT";"Norte";"Saida de Pista";0;0;0;0;0;0;0;0;0;1;1;0;0;0;0
"02/12/2023";"08:06:00";"46";"AC02-ACIDE";"674";"BR-163/PA";"Sul";"Colisão Frontal";0;0;0;1;0;0;0;0;0;1;1;1;0;0;0
"02/12/2023";"09:58:00";"67";"AC03-ACIDE";"498,587";"BR-163/PA";"Norte";"Colisão Lateral";0;0;1;0;0;0;0;0;0;1;3;0;0;0;0
"02/12/2023";"11:32:00";"84";"AC02-ACIDE";"625";"BR-163/PA";"Norte";"Colisão Lateral";0;0;0;2;0;0;0;0;0;1;1;2;0;0;0
"02/12/2023";"17:35:00";"125";"AC02-ACIDE";"301,57";"BR-163/PA";"Sul";"Colisão Lateral";0;0;1;1;0;2;0;0;0;0;3;0;1;0;0
"02/12/2023";"20:11:00";"134";"AC03-ACIDE";"998,41";"BR-163/MT";"Norte";"Atropelamento de Animal";1;0;0;0;0;0;0;0;0;0;4;0;0;0;0
"03/12/2023";"13:45:00";"92";"AC03-ACIDE";"1085,93";"BR-163/MT";"Norte";"Incêndio";0;0;1;0;0;0;0;0;0;0;1;0;0;0;0
"03/12/2023";"14:52:00";"99";"AC02-ACIDE";"336";"BR-163/PA";"Norte";"Queda de Moto";1;0;0;1;0;0;0;0;0;0;1;1;0;0;0
"03/12/2023";"19:18:00";"121";"AC03-ACIDE";"1113";"BR-230/PA";"Leste";"Colisão Lateral";1;0;0;0;0;0;0;0;0;0;1;0;0;0;0
"03/12/2023";"20:50:00";"139";"AC03-ACIDE";"1029";"BR-163/MT";"Norte";"Colisão Traseira";1;0;0;0;0;0;0;0;0;1;2;0;0;0;0
"04/12/2023";"01:05:00";"10";"AC02-ACIDE";"1032,55";"BR-163/MT";"Sul";"Colisão Traseira";0;0;0;1;0;1;0;0;0;0;1;2;0;0;0
"04/12/2023";"10:40:00";"103";"AC02-ACIDE";"43";"BR-163/PA";"Norte";"Capotamento";1;0;0;0;0;0;0;0;0;0;0;1;0;1;0
"05/12/2023";"01:31:00";"10";"AC02-ACIDE";"266,269";"BR-163/PA";"Norte";"Choque - Arvore";0;0;0;0;0;0;0;0;0;1;0;1;0;0;0
"05/12/2023";"06:27:00";"48";"AC03-ACIDE";"918";"BR-163/MT";"Norte";"Colisão Lateral";1;0;0;0;0;1;0;0;0;0;2;0;0;0;0
"05/12/2023";"07:37:00";"69";"AC03-ACIDE";"997";"BR-163/MT";"Norte";"Colisão Traseira";0;0;0;0;0;1;0;0;0;1;2;0;0;0;0
"05/12/2023";"21:03:00";"213";"AC03-ACIDE";"626";"BR-163/PA";"Norte";"Queda de Moto";0;0;0;1;0;0;0;0;0;0;1;0;0;0;0
"06/12/2023";"09:00:00";"61";"AC03-ACIDE";"421";"BR-163/PA";"Norte";"Colisão Lateral";0;0;1;0;0;0;0;0;0;0;1;0;0;0;0
"06/12/2023";"18:55:00";"156";"AC03-ACIDE";"986,144";"BR-163/MT";"Sul";"Saida de Pista";0;0;1;0;0;0;0;0;0;0;1;0;0;0;0
"07/12/2023";"05:25:00";"34";"AC02-ACIDE";"170,695";"BR-163/PA";"Sul";"Atropelamento de Animal";0;0;0;0;0;0;0;0;0;1;0;2;0;0;0
"07/12/2023";"20:25:00";"208";"AC03-ACIDE";"1033,06";"BR-163/MT";"Norte";"Saida de Pista";0;0;1;0;0;0;0;0;0;0;1;0;0;0;0
"07/12/2023";"21:23:00";"214";"AC01-ACIDE";"568,724";"BR-163/PA";"Norte";"Atropelamento de Animal";0;0;0;1;0;0;0;0;0;0;0;0;0;0;1
"08/12/2023";"04:45:00";"26";"AC02-ACIDE";"1054,11";"BR-163/MT";"Norte";"Atropelamento de Animal";1;0;0;0;0;0;0;0;0;0;0;1;0;0;0
"08/12/2023";"06:13:00";"31";"AC02-ACIDE";"1011,42";"BR-163/MT";"Norte";"Colisão Lateral";1;0;1;0;0;0;0;0;0;0;2;1;0;0;0
"08/12/2023";"18:04:00";"151";"AC02-ACIDE";"1081";"BR-163/MT";"Norte";"Colisão Transversal";0;0;0;1;0;0;0;0;0;1;2;1;0;0;0
"08/12/2023";"19:47:00";"161";"AC02-ACIDE";"222,559";"BR-163/PA";"Norte";"Colisão Frontal";0;0;2;0;0;4;0;0;0;0;4;2;0;0;0
"09/12/2023";"02:29:00";"10";"AC02-ACIDE";"354,538";"BR-163/PA";"Sul";"Saida de Pista";0;0;0;0;0;0;0;0;0;1;0;1;0;0;0
"09/12/2023";"06:22:00";"26";"AC02-ACIDE";"930,958";"BR-163/MT";"Sul";"Saida de Pista";1;0;0;0;0;0;0;0;0;0;0;2;0;0;0
"09/12/2023";"09:14:00";"60";"AC03-ACIDE";"999";"BR-163/MT";"Norte";"Colisão Traseira";0;0;2;0;0;1;0;0;0;0;3;0;0;0;0
"09/12/2023";"22:28:00";"172";"AC02-ACIDE";"894,211";"BR-163/MT";"Norte";"Capotamento";1;0;0;0;0;0;0;0;0;0;0;1;0;0;0
"10/12/2023";"07:02:00";"46";"AC02-ACIDE";"336,863";"BR-163/PA";"Norte";"Tombamento";0;0;1;0;0;0;0;0;0;0;0;1;0;0;0
"10/12/2023";"18:30:00";"138";"AC03-ACIDE";"158,647";"BR-163/PA";"Sul";"Colisão Lateral";1;0;0;1;0;0;0;0;0;0;2;0;0;0;0
"10/12/2023";"19:31:00";"143";"AC03-ACIDE";"865,432";"BR-163/MT";"Sul";"Atropelamento de Animal";1;0;0;0;0;0;0;0;0;0;1;0;0;0;0
"11/12/2023";"00:32:00";"2";"AC02-ACIDE";"970,294";"BR-163/MT";"Sul";"Tombamento";0;0;1;0;0;0;0;0;0;0;0;1;0;0;0
"11/12/2023";"05:59:00";"15";"AC02-ACIDE";"970,41";"BR-163/MT";"Sul";"Colisão Lateral";0;0;0;0;0;1;0;0;0;1;1;3;0;0;0
"11/12/2023";"08:10:00";"38";"AC01-ACIDE";"518,889";"BR-163/PA";"Norte";"Queda de Moto";0;0;0;1;0;0;0;0;0;0;0;0;0;0;1
"11/12/2023";"08:37:00";"45";"AC02-ACIDE";"1056,5";"BR-163/MT";"Norte";"Capotamento";0;0;1;0;0;0;0;0;0;0;1;1;0;0;0
"11/12/2023";"11:58:00";"79";"AC02-ACIDE";"1104,5";"BR-163/MT";"Norte";"Tombamento";0;0;1;0;0;0;0;0;0;0;0;1;0;0;0
"11/12/2023";"20:07:00";"166";"AC02-ACIDE";"215,007";"BR-163/PA";"Norte";"Atropelamento de Animal";1;0;0;0;0;0;0;0;0;0;0;3;0;0;0
"12/12/2023";"15:22:00";"132";"AC02-ACIDE";"934";"BR-163/MT";"Norte";"Colisão Traseira";0;0;2;0;0;0;0;0;0;0;3;1;0;0;0
"12/12/2023";"20:29:00";"165";"AC02-ACIDE";"873,12";"BR-163/MT";"Sul";"Queda de Moto";0;0;0;1;0;0;0;0;0;0;0;1;0;0;0
"13/12/2023";"01:10:00";"13";"AC03-ACIDE";"984,722";"BR-163/MT";"Sul";"Atropelamento de Animal";0;0;0;0;0;0;0;0;0;1;1;0;0;0;0
"13/12/2023";"06:50:00";"40";"AC03-ACIDE";"636";"BR-163/PA";"Norte";"Colisão Traseira";0;0;0;0;0;1;0;0;0;1;4;0;0;0;0
"13/12/2023";"10:15:00";"88";"AC03-ACIDE";"954,5";"BR-163/MT";"Norte";"Colisão Frontal";1;0;1;0;0;0;0;0;0;0;6;0;0;0;0
"13/12/2023";"15:21:00";"126";"AC02-ACIDE";"903";"BR-163/MT";"Sul";"Saida de Pista";1;0;0;0;0;1;0;0;0;0;1;1;0;0;0
"14/12/2023";"03:21:00";"20";"AC03-ACIDE";"925,2";"BR-163/MT";"Sul";"Tombamento";0;0;1;0;0;0;0;0;0;0;1;0;0;0;0
"14/12/2023";"09:07:00";"86";"AC02-ACIDE";"310,372";"BR-163/PA";"Sul";"Colisão Lateral";0;0;0;1;0;0;0;0;0;1;0;3;0;0;0
"14/12/2023";"21:02:00";"177";"AC02-ACIDE";"908,652";"BR-163/MT";"Norte";"Capotamento";1;0;0;0;0;0;0;0;0;0;0;0;2;0;0
"15/12/2023";"00:54:00";"10";"AC03-ACIDE";"151,284";"BR-163/PA";"Norte";"Atropelamento de Animal";0;0;0;0;0;1;0;0;0;0;1;0;0;0;0
"15/12/2023";"13:36:00";"123";"AC03-ACIDE";"971";"BR-163/MT";"Norte";"Colisão Traseira";1;0;1;0;0;0;0;0;0;0;2;0;0;0;0
"15/12/2023";"14:37:00";"133";"AC02-ACIDE";"950";"BR-163/MT";"Norte";"Capotamento";1;0;0;0;0;1;0;0;0;0;1;1;0;0;0
"16/12/2023";"06:09:00";"28";"AC02-ACIDE";"105";"BR-163/PA";"Norte";"Tombamento";0;0;1;0;0;0;0;0;0;0;0;1;0;0;0
"16/12/2023";"07:58:00";"40";"AC03-ACIDE";"310,335";"BR-163/PA";"Norte";"Colisão Lateral";0;0;2;0;0;0;0;0;0;0;3;0;0;0;0
"16/12/2023";"10:31:00";"62";"AC02-ACIDE";"1110,03";"BR-163/MT";"Sul";"Tombamento";0;0;1;0;0;0;0;0;0;0;0;1;0;0;0
"16/12/2023";"12:42:00";"80";"AC03-ACIDE";"279,184";"BR-163/PA";"Norte";"Colisão Lateral";0;0;2;0;0;0;0;0;0;0;4;0;0;0;0
"17/12/2023";"01:00:00";"17";"AC02-ACIDE";"560,389";"BR-163/PA";"Sul";"Atropelamento de Animal";0;0;0;1;0;0;0;0;0;0;0;2;0;0;0
"17/12/2023";"03:34:00";"24";"AC02-ACIDE";"888,151";"BR-163/MT";"Norte";"Saida de Pista";1;0;0;0;0;0;0;0;0;0;0;1;0;0;0
"17/12/2023";"10:06:00";"77";"AC03-ACIDE";"930,5";"BR-163/MT";"Norte";"Colisão Lateral";1;0;0;0;0;0;0;0;0;1;4;0;0;0;0
"17/12/2023";"12:28:00";"103";"AC03-ACIDE";"104,102";"BR-163/PA";"Sul";"Saida de Pista";0;0;0;0;0;0;0;0;0;1;1;0;0;0;0
"17/12/2023";"14:03:00";"118";"AC03-ACIDE";"990,936";"BR-163/MT";"Sul";"Tombamento";0;0;1;0;0;0;0;0;0;0;1;0;0;0;0
"17/12/2023";"19:19:00";"154";"AC03-ACIDE";"393,201";"BR-163/PA";"Sul";"Capotamento";0;0;0;0;0;0;0;0;0;1;1;0;0;0;0
"17/12/2023";"22:25:00";"166";"AC03-ACIDE";"1039,2";"BR-163/MT";"Sul";"Saida de Pista";1;0;0;0;0;0;0;0;0;0;1;0;0;0;0
"18/12/2023";"15:18:00";"124";"AC03-ACIDE";"867,187";"BR-163/MT";"Sul";"Colisão Traseira";0;0;2;0;0;0;0;0;0;0;2;0;0;0;0
"19/12/2023";"06:19:00";"21";"AC02-ACIDE";"958,841";"BR-163/MT";"Norte";"Capotamento";1;0;1;0;0;0;0;0;0;0;2;1;0;0;0
"19/12/2023";"11:34:00";"103";"AC03-ACIDE";"638,931";"BR-163/PA";"Norte";"Colisão Lateral";0;0;1;0;0;0;0;0;0;1;2;0;0;0;0
"19/12/2023";"16:19:00";"133";"AC03-ACIDE";"588,466";"BR-163/PA";"Norte";"Saida de Pista";1;0;0;0;0;0;0;0;0;0;2;0;0;0;0
"19/12/2023";"23:43:00";"186";"AC03-ACIDE";"91,506";"BR-163/PA";"Norte";"Saida de Pista";1;0;0;0;0;0;0;0;0;0;1;0;0;0;0
"20/12/2023";"09:59:00";"76";"AC02-ACIDE";"922,452";"BR-163/MT";"Norte";"Colisão Lateral";0;0;1;0;0;0;0;0;0;1;1;2;1;0;0
"20/12/2023";"10:58:00";"86";"AC01-ACIDE";"922,62";"BR-163/MT";"Norte";"Engavetamento";1;0;0;0;0;0;0;0;0;2;2;0;1;0;1
"20/12/2023";"12:36:00";"92";"AC02-ACIDE";"311,2";"BR-163/PA";"Sul";"Colisão Frontal";0;0;1;1;0;0;0;0;0;0;1;0;0;1;0
"20/12/2023";"13:14:00";"99";"AC03-ACIDE";"1111,73";"BR-163/MT";"Norte";"Colisão Lateral";0;0;2;0;0;0;0;0;0;0;4;0;0;0;0
"20/12/2023";"17:08:00";"129";"AC02-ACIDE";"995,072";"BR-163/MT";"Sul";"Capotamento";0;0;1;0;0;0;0;0;0;0;0;0;1;0;0
"20/12/2023";"19:01:00";"142";"AC02-ACIDE";"279,107";"BR-163/PA";"Norte";"Atropelamento - Pedestre";0;0;0;1;0;0;0;0;0;0;0;1;0;1;0
"21/12/2023";"14:51:00";"123";"AC02-ACIDE";"557,907";"BR-163/PA";"Norte";"Capotamento";0;0;1;0;0;0;0;0;0;0;1;2;0;0;0
"22/12/2023";"06:44:00";"27";"AC03-ACIDE";"139";"BR-163/PA";"Norte";"Saida de Pista";1;0;0;0;0;0;0;0;0;0;4;0;0;0;0
"22/12/2023";"07:30:00";"38";"AC03-ACIDE";"877,188";"BR-163/MT";"Norte";"Saida de Pista";1;0;0;0;0;0;0;0;0;0;2;0;0;0;0
"22/12/2023";"08:48:00";"56";"AC02-ACIDE";"503,72";"BR-163/PA";"Norte";"Tombamento";0;0;1;0;0;0;0;0;0;0;0;1;0;0;0
"22/12/2023";"14:10:00";"111";"AC03-ACIDE";"304,707";"BR-163/PA";"Sul";"Colisão Traseira";0;0;0;0;0;0;0;0;0;2;7;0;0;0;0
"22/12/2023";"14:50:00";"115";"AC03-ACIDE";"868,269";"BR-163/MT";"Norte";"Colisão Lateral";0;0;4;0;0;0;0;0;0;0;5;0;0;0;0
"22/12/2023";"18:15:00";"139";"AC03-ACIDE";"304,694";"BR-163/PA";"Norte";"Colisão Traseira";1;0;0;0;0;0;0;0;0;0;3;0;0;0;0
"22/12/2023";"19:17:00";"145";"AC03-ACIDE";"1034,1";"BR-163/MT";"Norte";"Atropelamento de Animal";0;0;0;0;0;0;0;0;0;1;1;0;0;0;0
"22/12/2023";"21:59:00";"151";"AC03-ACIDE";"1034,5";"BR-163/MT";"Norte";"Saida de Pista";1;0;0;0;0;0;0;0;0;0;1;0;0;0;0
"22/12/2023";"22:42:00";"153";"AC03-ACIDE";"348,45";"BR-163/PA";"Sul";"Atropelamento de Animal";1;0;0;0;0;0;0;0;0;0;1;0;0;0;0
"22/12/2023";"22:50:00";"155";"AC03-ACIDE";"860,1";"BR-163/MT";"Norte";"Colisão Lateral";0;0;2;0;0;0;0;0;0;0;2;0;0;0;0
"23/12/2023";"13:23:00";"106";"AC03-ACIDE";"1054,9";"BR-163/MT";"Sul";"Saida de Pista";0;0;0;0;0;0;0;0;0;1;1;0;0;0;0
"23/12/2023";"14:00:00";"112";"AC03-ACIDE";"251,673";"BR-163/PA";"Norte";"Saida de Pista";0;0;0;0;0;0;0;0;0;1;2;0;0;0;0
"24/12/2023";"00:17:00";"5";"AC02-ACIDE";"363,922";"BR-163/PA";"Sul";"Atropelamento de Animal";0;0;0;1;0;0;0;0;0;0;0;2;0;0;0