data;horario;n_da_ocorrencia;tipo_de_ocorrencia;km;trecho;sentido;tipo_de_acidente;automovel;bicicleta;caminhao;moto;onibus;outros;tracao_animal;transporte_de_cargas_especiais;trator_maquinas;utilitarios;ilesos;levemente_feridos;moderadamente_feridos;gravemente_feridos;mortos
"20/07/2024";"20:34:00";"203";"Sem vítima";"318,527";"BR-163/PA";"Decrescente";"Queda de moto";0;0;0;1;0;0;0;0;0;0;3;0;0;0;0
"21/07/2024";"00:02:00";"1";"Sem vítima";"374,852";"BR-163/PA";"Decrescente";"Atropelamento de animal";0;0;1;0;0;0;0;0;0;0;1;0;0;0;0
"21/07/2024";"01:23:00";"5";"Com vítima";"23,300";"BR-163/PA";"Decrescente";"Choque";0;0;2;0;0;0;0;0;0;0;1;1;0;0;0
"21/07/2024";"15:36:00";"112";"Com vítima";"563,738";"BR-163/PA";"Crescente";"Colisão frontal";0;0;0;1;0;0;0;0;0;0;0;0;3;0;6
"22/07/2024";"03:34:00";"79";"Com vítima";"965,426";"BR-163/MT";"Crescente";"Colisão lateral no mesmo sentido";0;0;1;0;0;0;0;0;0;1;0;3;2;0;0
"22/07/2024";"03:44:00";"80";"Sem vítima";"577,255";"BR-163/PA";"Decrescente";"Saída de pista";0;0;1;0;0;0;0;0;0;0;1;0;0;0;0
"22/07/2024";"06:41:00";"89";"Com vítima";"1117,85";"BR-230/PA";"Crescente";"Colisão lateral no mesmo sentido";0;0;1;1;0;0;0;0;0;0;0;2;0;0;2
"22/07/2024";"09:08:00";"128";"Com vítima";"210,677";"BR-163/PA";"Crescente";"Saída de pista";0;0;1;0;0;0;0;0;0;0;0;1;0;0;0
"22/07/2024";"21:37:00";"236";"Sem vítima";"945,477";"BR-163/MT";"Decrescente";"Saída de pista";1;0;0;0;0;0;0;0;0;0;2;0;0;0;0
"23/07/2024";"06:18:00";"36";"Com vítima";"309,811";"BR-163/PA";"Decrescente";"Saída de pista";0;0;0;2;0;0;0;0;0;0;0;0;3;0;0
"23/07/2024";"09:35:00";"80";"Sem vítima";"665,000";"BR-163/PA";"Crescente";"Tombamento";0;0;1;0;0;0;0;0;0;0;1;0;0;0;0
"23/07/2024";"12:07:00";"108";"Sem vítima";"482,793";"BR-163/PA";"Crescente";"Saída de pista";0;0;1;0;0;0;0;0;0;0;3;0;0;0;0
"23/07/2024";"21:49:00";"165";"Sem vítima";"1098,53";"BR-163/MT";"Decrescente";"Atropelamento de animal";1;0;0;0;0;0;0;0;0;0;6;0;0;0;0
"24/07/2024";"05:56:00";"108";"Sem vítima";"8,612";"BR-163/PA";"Decrescente";"Colisão traseira";0;0;2;0;0;0;0;0;0;0;9;0;0;0;0
"24/07/2024";"08:13:00";"130";"Com vítima";"1070,28";"BR-163/MT";"Decrescente";"Queda de moto";0;0;0;1;0;0;0;0;0;0;0;3;0;0;0
"24/07/2024";"14:53:00";"207";"Com vítima";"410,435";"BR-163/PA";"Crescente";"Colisão traseira";0;0;0;1;0;0;0;0;0;0;0;1;0;0;0
"24/07/2024";"15:58:00";"217";"Com vítima";"854,834";"BR-163/MT";"Crescente";"Colisão lateral no mesmo sentido";0;0;2;0;0;0;0;0;0;0;1;0;1;0;0
"24/07/2024";"15:59:00";"218";"Com vítima";"8,500";"BR-163/PA";"Crescente";"Colisão traseira";0;0;2;0;0;0;0;0;0;0;3;3;0;0;0
"24/07/2024";"16:38:00";"226";"Sem vítima";"854,671";"BR-163/MT";"Crescente";"Colisão lateral no mesmo sentido";0;0;1;0;0;0;0;0;0;1;3;0;0;0;0
"24/07/2024";"18:44:00";"239";"Sem vítima";"897,000";"BR-163/MT";"Crescente";"Colisão lateral no mesmo sentido";1;0;1;0;0;0;0;0;0;0;6;0;0;0;0
"24/07/2024";"20:14:00";"242";"Sem vítima";"13,900";"BR-163/PA";"Crescente";"Colisão traseira";1;0;1;0;0;0;0;0;0;0;6;0;0;0;0
"25/07/2024";"03:40:00";"21";"Sem vítima";"460,000";"BR-163/PA";"Decrescente";"Saída de pista";0;0;1;0;0;0;0;0;0;0;2;0;0;0;0
"25/07/2024";"06:58:00";"35";"Sem vítima";"898,000";"BR-163/MT";"Crescente";"Colisão traseira";0;0;2;0;0;0;0;0;0;0;4;0;0;0;0
"25/07/2024";"09:51:00";"95";"Sem vítima";"498,000";"BR-163/PA";"Crescente";"Colisão traseira";0;0;2;0;0;0;0;0;0;0;4;0;0;0;0
"25/07/2024";"13:51:00";"132";"Sem vítima";"539,000";"BR-163/PA";"Crescente";"Colisão frontal";0;0;2;0;0;0;0;0;0;0;10;0;0;0;0
"26/07/2024";"00:00:00";"157";"Com vítima";"45,000";"BR-163/PA";"Decrescente";"Tombamento";0;0;1;0;0;0;0;0;0;0;0;2;0;0;0
"26/07/2024";"03:00:00";"43";"Com vítima";"1128,00";"BR-230/PA";"Decrescente";"Colisão frontal";0;0;1;0;0;0;0;0;0;1;0;0;0;0;2
"26/07/2024";"05:51:00";"45";"Sem vítima";"915,000";"BR-163/MT";"Crescente";"Colisão lateral no mesmo sentido";0;0;2;0;0;0;0;0;0;0;4;0;0;0;0
"26/07/2024";"06:57:00";"111";"Sem vítima";"651,000";"BR-163/PA";"Crescente";"Colisão lateral no mesmo sentido";0;0;2;0;0;0;0;0;0;0;4;0;0;0;0
"26/07/2024";"07:42:00";"121";"Com vítima";"1063,00";"BR-163/MT";"Crescente";"Colisão traseira";0;0;2;0;0;0;0;0;0;0;2;2;0;0;0
"26/07/2024";"08:05:00";"130";"Sem vítima";"399,000";"BR-163/PA";"Crescente";"Engavetamento";0;0;1;0;0;0;0;0;0;1;4;0;0;0;0
"26/07/2024";"14:55:00";"191";"Com vítima";"1109,85";"BR-163/MT";"Crescente";"Colisão transversal";0;0;3;0;0;0;0;0;0;0;2;2;0;1;0
"26/07/2024";"18:26:00";"216";"Sem vítima";"311,000";"BR-163/PA";"Crescente";"Saída de pista";0;0;1;0;0;0;0;0;0;0;2;0;0;0;0
"26/07/2024";"22:51:00";"246";"Sem vítima";"1033,00";"BR-163/MT";"Decrescente";"Colisão traseira";1;0;0;0;0;0;0;0;0;1;4;0;0;0;0
"27/07/2024";"04:43:00";"38";"Sem vítima";"573,000";"BR-163/PA";"Decrescente";"Capotamento";0;0;0;0;0;0;0;0;0;1;2;0;0;0;0
"27/07/2024";"10:01:00";"99";"Sem vítima";"889,000";"BR-163/MT";"Crescente";"Colisão lateral no mesmo sentido";0;0;1;0;0;1;0;0;0;0;10;0;0;0;0
"27/07/2024";"13:34:00";"114";"Com vítima";"296,000";"BR-163/PA";"Crescente";"Saída de pista";0;0;0;1;0;0;0;0;0;0;0;0;2;0;0
"27/07/2024";"15:26:00";"124";"Sem vítima";"1051,00";"BR-163/MT";"Crescente";"Capotamento";1;0;0;0;0;0;0;0;0;0;0;0;0;0;0
"27/07/2024";"18:50:00";"149";"Com vítima";"1110,55";"BR-230/PA";"Crescente";"Queda de moto";0;0;0;1;0;0;0;0;0;0;2;0;2;0;0
"27/07/2024";"21:07:00";"164";"Sem vítima";"955,000";"BR-163/MT";"Crescente";"Atropelamento de animal";0;0;0;0;0;0;0;0;0;1;4;0;0;0;0
"28/07/2024";"12:22:00";"112";"Com vítima";"571,000";"BR-163/PA";"Crescente";"Colisão transversal";0;0;3;0;0;0;0;0;0;0;2;0;2;0;0
"28/07/2024";"14:42:00";"128";"Sem vítima";"943,955";"BR-163/MT";"Decrescente";"Capotamento";0;0;0;0;0;0;0;0;0;1;1;0;0;0;0
"29/07/2024";"01:08:00";"10";"Com vítima";"505,000";"BR-163/PA";"Crescente";"Colisão transversal";0;0;2;0;0;0;0;0;0;0;2;2;0;0;0
"29/07/2024";"02:54:00";"59";"Com vítima";"1008,00";"BR-163/MT";"Crescente";"Queda de moto";0;0;0;1;0;0;0;0;0;0;0;2;0;0;0
"29/07/2024";"11:37:00";"193";"Sem vítima";"405,000";"BR-163/PA";"Crescente";"Tombamento";0;0;1;0;0;0;0;0;0;0;0;0;0;0;0
"29/07/2024";"20:28:00";"263";"Sem vítima";"369,000";"BR-163/PA";"Decrescente";"Atropelamento de animal";0;0;1;0;0;0;0;0;0;0;0;0;0;0;0
"29/07/2024";"22:14:00";"275";"Sem vítima";"996,000";"BR-163/MT";"Decrescente";"Atropelamento de animal";0;0;0;0;0;0;0;0;0;1;2;0;0;0;0
"30/07/2024";"07:52:00";"114";"Sem vítima";"514,000";"BR-163/PA";"Crescente";"Colisão transversal";0;0;1;0;0;0;0;0;0;1;6;0;0;0;0
"30/07/2024";"08:13:00";"122";"Sem vítima";"1054,00";"BR-163/MT";"Decrescente";"Saída de pista";1;0;0;0;0;0;0;0;0;0;0;0;0;0;0
"31/07/2024";"09:11:00";"138";"Com vítima";"1102,10";"BR-163/MT";"Crescente";"Colisão traseira";0;0;2;0;0;0;0;0;0;0;1;1;0;0;0
"31/07/2024";"12:20:00";"165";"Com vítima";"893,932";"BR-163/MT";"Crescente";"Saída de pista";1;0;0;0;0;0;0;0;0;0;0;1;0;0;0
"31/07/2024";"16:27:00";"189";"Sem vítima";"587,300";"BR-163/PA";"Decrescente";"Colisão traseira";0;0;3;0;0;0;0;0;0;0;3;0;0;0;0
"01/08/2024";"09:11:00";"146";"Sem vítima";"941,665";"BR-163/MT";"Decrescente";"Saída de pista";1;0;0;0;0;0;0;0;0;0;1;0;0;0;0
"02/08/2024";"03:58:00";"79";"Com vítima";"890,345";"BR-163/MT";"Decrescente";"Capotamento";1;0;0;0;0;0;0;0;0;0;0;0;3;0;0
"02/08/2024";"06:09:00";"101";"Sem vítima";"886,520";"BR-163/MT";"Crescente";"Colisão traseira";0;0;0;0;0;0;0;0;0;2;3;0;0;0;0
"02/08/2024";"17:46:00";"225";"Com vítima";"942,942";"BR-163/MT";"Decrescente";"Saída de pista";1;0;0;0;0;0;0;0;0;0;1;2;0;0;0
"02/08/2024";"21:04:00";"240";"Com vítima";"1069,20";"BR-163/MT";"Decrescente";"Saída de pista";0;0;0;1;0;0;0;0;0;0;0;2;0;0;0
"02/08/2024";"21:04:00";"241";"Sem vítima";"575,030";"BR-163/PA";"Decrescente";"Saída de pista";0;0;1;0;0;0;0;0;0;0;1;0;0;0;0
"03/08/2024";"04:45:00";"40";"Sem vítima";"1069,17";"BR-163/MT";"Decrescente";"Atropelamento de animal";0;0;0;0;0;0;0;0;0;1;1;0;0;0;0
"03/08/2024";"20:49:00";"203";"Sem vítima";"408,063";"BR-163/PA";"Decrescente";"Saída de pista";0;0;1;0;0;0;0;0;0;0;1;0;0;0;0
"03/08/2024";"23:19:00";"199";"Com vítima";"1071,17";"BR-163/MT";"Decrescente";"Colisão traseira";1;0;0;1;0;0;0;0;0;0;0;0;0;0;4
"04/08/2024";"06:44:00";"29";"Com vítima";"997,518";"BR-163/MT";"Crescente";"Queda de moto";0;0;0;1;0;0;0;0;0;0;0;2;0;0;0
"04/08/2024";"13:54:00";"98";"Com vítima";"374,000";"BR-163/PA";"Crescente";"Choque";0;0;0;0;0;0;0;0;0;1;0;4;0;0;0
"04/08/2024";"18:15:00";"126";"Com vítima";"104,241";"BR-163/PA";"Crescente";"Colisão lateral no mesmo sentido";0;0;1;0;0;0;0;0;0;0;0;1;0;0;0
"04/08/2024";"18:44:00";"124";"Sem vítima";"1063,00";"BR-163/MT";"Crescente";"Colisão traseira";1;0;0;0;0;0;0;0;0;1;3;0;0;0;0
"04/08/2024";"19:12:00";"128";"Sem vítima";"1068,01";"BR-163/MT";"Crescente";"Colisão lateral no mesmo sentido";0;0;0;0;0;0;0;0;0;1;3;0;0;0;0
"04/08/2024";"20:36:00";"125";"Com vítima";"855,100";"BR-163/MT";"Crescente";"Colisão frontal";0;0;1;1;0;0;0;0;0;0;1;0;1;0;1
"04/08/2024";"20:39:00";"138";"Sem vítima";"1056,14";"BR-163/MT";"Crescente";"Colisão lateral no mesmo sentido";0;0;0;0;0;0;0;0;0;1;1;0;0;0;0
"05/08/2024";"06:09:00";"88";"Com vítima";"1056,03";"BR-163/MT";"Crescente";"Capotamento";1;0;0;0;0;0;0;0;0;0;0;0;0;0;1
"05/08/2024";"08:28:00";"106";"Sem vítima";"866,000";"BR-163/MT";"Crescente";"Colisão traseira";0;0;2;0;0;0;0;0;0;0;2;0;0;0;0
"05/08/2024";"09:48:00";"132";"Sem vítima";"1058,52";"BR-163/MT";"Crescente";"Colisão traseira";0;0;4;0;0;0;0;0;0;0;4;0;0;0;0
"05/08/2024";"15:23:00";"172";"Com vítima";"177,772";"BR-163/PA";"Crescente";"Colisão traseira";1;0;1;0;0;0;0;0;0;0;4;4;0;0;0
"06/08/2024";"17:12:00";"176";"Com vítima";"1063,29";"BR-163/MT";"Crescente";"Colisão frontal";0;0;1;1;0;0;0;0;0;0;4;0;0;0;2
"06/08/2024";"22:47:00";"214";"Sem vítima";"476,000";"BR-163/PA";"Crescente";"Atropelamento de animal";0;0;1;0;0;0;0;0;0;0;1;0;0;0;0
"07/08/2024";"03:36:00";"82";"Sem vítima";"517,000";"BR-163/PA";"Decrescente";"Atropelamento de animal";0;0;1;0;0;0;0;0;0;0;1;0;0;0;0
"07/08/2024";"12:23:00";"173";"Sem vítima";"899,500";"BR-163/MT";"Decrescente";"Acidentes de outra natureza";0;0;0;0;0;0;0;0;0;1;3;0;0;0;0
"07/08/2024";"18:30:00";"223";"Com vítima";"306,000";"BR-163/PA";"Decrescente";"Tombamento";0;0;2;0;0;0;0;0;0;0;1;1;0;0;0
"07/08/2024";"20:59:00";"235";"Sem vítima";"936,110";"BR-163/MT";"Decrescente";"Atropelamento de animal";0;0;1;0;0;0;0;0;0;0;1;0;0;0;0
"07/08/2024";"23:27:00";"244";"Com vítima";"954,000";"BR-163/MT";"Crescente";"Colisão lateral no mesmo sentido";1;0;1;0;0;0;0;0;0;0;2;1;0;0;0
"08/08/2024";"00:00:00";"142";"Com vítima";"375,363";"BR-163/PA";"Crescente";"Colisão lateral no mesmo sentido";0;0;3;0;0;0;0;0;0;0;0;3;0;0;0
"08/08/2024";"00:10:00";"1";"Sem vítima";"1110,24";"BR-163/MT";"Crescente";"Tombamento";0;0;1;0;0;0;0;0;0;0;1;0;0;0;0
"08/08/2024";"03:40:00";"85";"Sem vítima";"441,300";"BR-163/PA";"Decrescente";"Tombamento";0;0;1;0;0;0;0;0;0;0;1;0;0;0;0
"08/08/2024";"06:36:00";"89";"Sem vítima";"956,000";"BR-163/MT";"Decrescente";"Colisão traseira";0;0;0;0;0;0;0;0;0;2;2;0;0;0;0
"08/08/2024";"12:15:00";"139";"Com vítima";"623,900";"BR-163/PA";"Crescente";"Colisão lateral no mesmo sentido";0;0;2;0;0;0;0;0;0;0;0;2;0;0;0
"08/08/2024";"20:26:00";"177";"Sem vítima";"938,475";"BR-163/MT";"Crescente";"Colisão traseira";1;0;0;0;0;0;0;0;0;0;2;0;0;0;0
"08/08/2024";"22:49:00";"190";"Sem vítima";"450,595";"BR-163/PA";"Decrescente";"Atropelamento de animal";1;0;0;0;0;0;0;0;0;0;1;0;0;0;0
"08/08/2024";"23:08:00";"193";"Sem vítima";"1029,00";"BR-163/MT";"Decrescente";"Colisão traseira";0;0;0;0;0;0;0;0;0;1;2;0;0;0;0
"09/08/2024";"06:06:00";"68";"Com vítima";"628,596";"BR-163/PA";"Decrescente";"Colisão lateral no mesmo sentido";0;0;0;1;1;0;0;0;0;0;34;1;0;0;0
"09/08/2024";"17:07:00";"219";"Sem vítima";"636,000";"BR-163/PA";"Crescente";"Colisão traseira";0;0;0;0;0;0;0;0;0;1;4;0;0;0;0
"10/08/2024";"10:05:00";"99";"Sem vítima";"340,187";"BR-163/PA";"Decrescente";"Colisão lateral no mesmo sentido";0;0;1;0;0;0;0;0;0;1;3;0;0;0;0
"10/08/2024";"10:15:00";"101";"Sem vítima";"583,300";"BR-163/PA";"Decrescente";"Colisão lateral no mesmo sentido";0;0;1;0;0;0;0;0;0;1;4;0;0;0;0
"10/08/2024";"16:54:00";"133";"Com vítima";"944,922";"BR-163/MT";"Crescente";"Colisão traseira";1;0;0;0;0;0;0;0;0;1;2;1;0;0;0
"10/08/2024";"20:50:00";"148";"Com vítima";"312,000";"BR-163/PA";"Crescente";"Colisão lateral no mesmo sentido";0;0;0;1;0;0;0;0;0;0;0;1;0;0;0
"11/08/2024";"03:28:00";"26";"Sem vítima";"433,041";"BR-163/PA";"Crescente";"Tombamento";0;0;1;0;0;0;0;0;0;0;1;0;0;0;0
"11/08/2024";"03:50:00";"39";"Sem vítima";"512,400";"BR-163/PA";"Crescente";"Capotamento";1;0;0;0;0;0;0;0;0;0;2;0;0;0;0
"11/08/2024";"05:11:00";"41";"Com vítima";"167,410";"BR-163/PA";"Crescente";"Queda de moto";0;0;0;1;0;0;0;0;0;0;0;1;0;0;0
"11/08/2024";"05:39:00";"45";"Sem vítima";"499,613";"BR-163/PA";"Crescente";"Tombamento";0;0;1;0;0;0;0;0;0;0;1;0;0;0;0
"11/08/2024";"07:39:00";"58";"Sem vítima";"202,265";"BR-163/PA";"Crescente";"Tombamento";0;0;1;0;0;0;0;0;0;0;1;0;0;0;0
"11/08/2024";"08:11:00";"66";"Com vítima";"618,000";"BR-163/PA";"Crescente";"Colisão frontal";0;0;2;0;0;0;0;0;0;0;0;9;0;3;3
"11/08/2024";"08:34:00";"70";"Sem vítima";"982,115";"BR-163/MT";"Decrescente";"Colisão traseira";0;0;2;0;0;0;0;0;0;0;2;0;0;0;0
"11/08/2024";"12:47:00";"96";"Com vítima";"549,476";"BR-163/PA";"Crescente";"Capotamento";1;0;0;0;0;0;0;0;0;0;0;1;0;0;0
"11/08/2024";"16:44:00";"127";"Com vítima";"905,059";"BR-163/MT";"Crescente";"Colisão lateral no mesmo sentido";0;0;1;0;0;0;0;0;0;1;3;3;1;0;0
"11/08/2024";"19:03:00";"145";"Sem vítima";"559,000";"BR-163/PA";"Decrescente";"Atropelamento de animal";0;0;0;0;0;0;0;0;0;1;1;0;0;0;0
"12/08/2024";"03:47:00";"82";"Sem vítima";"1038,20";"BR-163/MT";"Crescente";"Queda de moto";0;0;0;1;0;0;0;0;0;0;1;0;0;0;0
"12/08/2024";"04:37:00";"83";"Com vítima";"1037,51";"BR-163/MT";"Decrescente";"Colisão traseira";0;0;0;1;0;0;0;0;0;0;0;1;0;0;0
"12/08/2024";"07:33:00";"103";"Com vítima";"407,676";"BR-163/PA";"Crescente";"Colisão frontal";0;0;1;1;0;0;0;0;0;0;0;0;0;0;1
"12/08/2024";"10:09:00";"133";"Com vítima";"629,779";"BR-163/PA";"Decrescente";"Queda de moto";0;0;0;1;0;0;0;0;0;0;0;2;0;0;0
"12/08/2024";"22:39:00";"198";"Com vítima";"323,083";"BR-163/PA";"Decrescente";"Choque";0;0;0;0;0;0;0;0;0;1;0;1;0;0;0
"13/08/2024";"01:26:00";"81";"Sem vítima";"148,200";"BR-163/PA";"Crescente";"Atropelamento de animal";0;0;0;0;0;0;0;0;0;1;1;0;0;0;0
"13/08/2024";"11:39:00";"182";"Com vítima";"314,630";"BR-163/PA";"Crescente";"Capotamento";0;0;1;0;0;0;0;0;0;0;0;3;0;0;0
"14/08/2024";"03:08:00";"35";"Com vítima";"494,525";"BR-163/PA";"Crescente";"Tombamento";0;0;2;0;0;0;0;0;0;0;1;0;1;0;0
"14/08/2024";"03:28:00";"36";"Sem vítima";"453,700";"BR-163/PA";"Decrescente";"Tombamento";0;0;1;0;0;0;0;0;0;0;1;0;0;0;0
"14/08/2024";"14:53:00";"120";"Com vítima";"299,268";"BR-163/PA";"Decrescente";"Colisão lateral no mesmo sentido";0;0;1;1;0;0;0;0;0;0;1;1;0;0;0
"14/08/2024";"17:01:00";"129";"Sem vítima";"654,243";"BR-163/PA";"Crescente";"Saída de pista";0;0;0;0;0;0;0;0;0;1;1;0;0;0;0
"15/08/2024";"20:03:00";"217";"Com vítima";"183,265";"BR-163/PA";"Crescente";"Colisão frontal";1;0;0;0;0;0;0;0;0;1;6;1;0;0;0
"15/08/2024";"23:56:00";"229";"Com vítima";"104,821";"BR-163/PA";"Crescente";"Tombamento";0;0;1;0;0;0;0;0;0;0;0;1;0;0;0
"16/08/2024";"00:00:00";"127";"Sem vítima";"76,806";"BR-163/PA";"Crescente";"Colisão traseira";0;0;1;0;0;0;0;0;0;0;1;0;0;0;0
"16/08/2024";"08:18:00";"102";"Sem vítima";"965,732";"BR-163/MT";"Crescente";"Colisão traseira";0;0;1;0;0;0;0;0;0;0;2;0;0;0;0
"17/08/2024";"03:45:00";"84";"Com vítima";"1126,70";"BR-230/PA";"Crescente";"Colisão lateral no mesmo sentido";0;0;1;1;0;0;0;0;0;0;1;0;1;0;0
"17/08/2024";"04:15:00";"87";"Com vítima";"895,100";"BR-163/MT";"Decrescente";"Tombamento";0;0;1;0;0;0;0;0;0;0;0;2;0;0;0
"17/08/2024";"16:35:00";"201";"Com vítima";"175,000";"BR-163/PA";"Decrescente";"Queda de moto";0;0;0;1;0;0;0;0;0;0;0;1;0;0;0
"18/08/2024";"00:00:00";"123";"Com vítima";"996,509";"BR-163/MT";"Crescente";"Colisão frontal";1;0;1;0;0;0;0;0;0;0;0;1;0;0;1
"18/08/2024";"00:19:00";"1";"Sem vítima";"1077,42";"BR-163/MT";"Crescente";"Tombamento";0;0;1;0;0;0;0;0;0;0;2;0;0;0;0
"18/08/2024";"06:27:00";"46";"Com vítima";"104,000";"BR-163/PA";"Crescente";"Saída de pista";0;0;0;1;0;0;0;0;0;0;0;0;0;1;0
"18/08/2024";"06:57:00";"50";"Sem vítima";"1111,00";"BR-163/MT";"Crescente";"Colisão frontal";0;0;2;0;0;0;0;0;0;0;6;0;0;0;0
"18/08/2024";"09:57:00";"70";"Sem vítima";"1109,60";"BR-163/MT";"Crescente";"Saída de pista";0;0;1;0;0;0;0;0;0;0;1;0;0;0;0
"18/08/2024";"14:43:00";"95";"Com vítima";"608,432";"BR-163/PA";"Decrescente";"Saída de pista";0;0;0;1;0;0;0;0;0;0;0;2;0;0;0
"18/08/2024";"17:18:00";"112";"Sem vítima";"982,725";"BR-163/MT";"Decrescente";"Saída de pista";1;0;0;0;0;0;0;0;0;0;2;0;0;0;0
"18/08/2024";"20:27:00";"124";"Sem vítima";"889,030";"BR-163/MT";"Crescente";"Choque";1;0;0;0;0;0;0;0;0;0;1;0;0;0;0
"19/08/2024";"18:34:00";"180";"Sem vítima";"322,671";"BR-163/PA";"Crescente";"Tombamento";0;0;1;0;0;0;0;0;0;0;1;0;0;0;0
"19/08/2024";"20:12:00";"194";"Com vítima";"503,215";"BR-163/PA";"Crescente";"Tombamento";0;0;1;0;0;0;0;0;0;0;0;0;2;0;0
"20/08/2024";"02:42:00";"63";"Sem vítima";"163,122";"BR-163/PA";"Crescente";"Atropelamento de animal";0;0;1;0;0;0;0;0;0;0;2;0;0;0;0
"20/08/2024";"17:05:00";"170";"Com vítima";"309,305";"BR-163/PA";"Crescente";"Colisão traseira";1;0;1;0;0;0;0;0;0;0;0;3;0;0;0
"20/08/2024";"18:00:00";"175";"Sem vítima";"392,101";"BR-163/PA";"Decrescente";"Colisão lateral no mesmo sentido";0;0;1;0;0;0;0;0;0;0;2;0;0;0;0
"21/08/2024";"13:22:00";"194";"Sem vítima";"891,000";"BR-163/MT";"Crescente";"Tombamento";0;0;1;0;0;0;0;0;0;0;1;0;0;0;0
"22/08/2024";"13:55:00";"150";"Com vítima";"170,182";"BR-163/PA";"Crescente";"Colisão lateral no mesmo sentido";0;0;2;0;0;0;0;0;0;0;1;1;0;0;0
"22/08/2024";"16:52:00";"165";"Com vítima";"309,460";"BR-163/PA";"Decrescente";"Colisão transversal";1;0;0;0;0;0;0;0;0;1;1;1;0;0;0
"22/08/2024";"17:01:00";"168";"Sem vítima";"1103,30";"BR-163/MT";"Decrescente";"Tombamento";0;0;1;0;0;0;0;0;0;0;0;0;0;0;0
"23/08/2024";"01:20:00";"39";"Com vítima";"1080,37";"BR-163/MT";"Crescente";"Tombamento";0;0;1;0;0;0;0;0;0;0;0;1;0;0;0
"23/08/2024";"14:35:00";"177";"Com vítima";"325,740";"BR-163/PA";"Decrescente";"Tombamento";0;0;2;0;0;0;0;0;0;0;0;1;0;0;0
"23/08/2024";"19:40:00";"208";"Sem vítima";"635,409";"BR-163/PA";"Decrescente";"Atropelamento de animal";1;0;0;0;0;0;0;0;0;0;1;0;0;0;0
"23/08/2024";"20:11:00";"209";"Com vítima";"933,412";"BR-163/MT";"Crescente";"Colisão traseira";1;0;0;1;0;0;0;0;0;0;1;1;0;0;0
"23/08/2024";"21:40:00";"215";"Sem vítima";"355,311";"BR-163/PA";"Decrescente";"Atropelamento de animal";0;0;1;0;0;0;0;0;0;0;1;0;0;0;0
"24/08/2024";"00:00:00";"149";"Sem vítima";"467,437";"BR-163/PA";"Crescente";"Tombamento";0;0;1;0;0;0;0;0;0;0;1;0;0;0;0
"24/08/2024";"03:37:00";"21";"Sem vítima";"1057,20";"BR-163/MT";"Crescente";"Saída de pista";1;0;0;0;0;0;0;0;0;0;0;0;0;0;0
"24/08/2024";"15:18:00";"131";"Sem vítima";"1110,12";"BR-230/PA";"Decrescente";"Colisão lateral no mesmo sentido";0;0;2;0;0;0;0;0;0;0;3;0;0;0;0
"24/08/2024";"18:57:00";"150";"Com vítima";"309,411";"BR-163/PA";"Crescente";"Queda de moto";0;0;0;1;0;0;0;0;0;0;0;1;0;0;0
"24/08/2024";"18:59:00";"151";"Com vítima";"1040,09";"BR-163/MT";"Decrescente";"Colisão transversal";0;0;0;2;0;0;0;0;0;0;0;2;0;0;0
"25/08/2024";"05:26:00";"40";"Sem vítima";"605,571";"BR-163/PA";"Crescente";"Queda de moto";0;0;0;1;0;0;0;0;0;0;1;0;0;0;0
"25/08/2024";"05:43:00";"42";"Com vítima";"315,039";"BR-163/PA";"Crescente";"Choque";0;0;0;0;0;0;0;0;0;1;0;1;0;0;0
"25/08/2024";"07:52:00";"63";"Sem vítima";"551,770";"BR-163/PA";"Crescente";"Engavetamento";0;0;4;0;0;0;0;0;0;0;6;0;0;0;0