data;horario;n_da_ocorrencia;tipo_de_ocorrencia;km;trecho;sentido;tipo_de_acidente;automovel;bicicleta;caminhao;moto;onibus;outros;tracao_animal;transporte_de_cargas_especiais;trator_maquinas;utilitarios;ilesos;levemente_feridos;moderadamente_feridos;gravemente_feridos;mortos
"26/08/2024";"00:27:00";"56";"Com vítima";"186,401";"BR-163/PA";"Crescente";"Queda de moto";0;0;0;1;0;0;0;0;0;0;0;2;0;0;0
"26/08/2024";"01:21:00";"63";"Sem vítima";"399,841";"BR-163/PA";"Crescente";"Atropelamento de animal";0;0;1;0;0;0;0;0;0;0;0;0;0;0;0
"26/08/2024";"04:02:00";"69";"Com vítima";"1043,81";"BR-163/MT";"Crescente";"Colisão frontal";0;0;1;0;0;0;0;0;0;1;3;3;0;0;0
"26/08/2024";"07:10:00";"88";"Sem vítima";"1102,60";"BR-163/MT";"Crescente";"Colisão lateral no mesmo sentido";0;0;2;0;0;0;0;0;0;0;4;0;0;0;0
"26/08/2024";"19:09:00";"179";"Sem vítima";"287,013";"BR-163/PA";"Decrescente";"Choque";0;0;1;0;0;0;0;0;0;0;2;0;0;0;0
"26/08/2024";"22:18:00";"190";"Com vítima";"1038,27";"BR-163/MT";"Crescente";"Choque";0;0;1;0;0;0;0;0;0;0;0;4;0;0;0
"26/08/2024";"22:43:00";"191";"Sem vítima";"854,534";"BR-163/MT";"Crescente";"Saída de pista";0;0;1;0;0;0;0;0;0;0;2;0;0;0;0
"27/08/2024";"06:44:00";"86";"Sem vítima";"383,663";"BR-163/PA";"Crescente";"Atropelamento de animal";0;0;1;0;0;0;0;0;0;0;1;0;0;0;0
"27/08/2024";"06:59:00";"91";"Com vítima";"27,100";"BR-163/PA";"Decrescente";"Capotamento";0;0;0;0;0;0;0;0;0;1;0;0;2;0;0
"27/08/2024";"21:47:00";"194";"Com vítima";"576,278";"BR-163/PA";"Decrescente";"Colisão frontal";0;0;1;1;0;0;0;0;0;0;0;1;0;0;1
"28/08/2024";"05:35:00";"87";"Com vítima";"898,745";"BR-163/MT";"Crescente";"Tombamento";0;0;1;0;0;0;0;0;0;0;0;1;0;0;0
"28/08/2024";"06:56:00";"100";"Com vítima";"622,100";"BR-163/PA";"Crescente";"Tombamento";0;0;1;0;0;0;0;0;0;0;0;0;1;0;0
"28/08/2024";"06:57:00";"101";"Sem vítima";"407,699";"BR-163/PA";"Crescente";"Tombamento";0;0;2;0;0;0;0;0;0;0;2;0;0;0;0
"28/08/2024";"08:48:00";"129";"Sem vítima";"202,254";"BR-163/PA";"Crescente";"Tombamento";0;0;1;0;0;0;0;0;0;0;0;0;0;0;0
"28/08/2024";"16:28:00";"178";"Sem vítima";"420,550";"BR-163/PA";"Crescente";"Tombamento";0;0;1;0;0;0;0;0;0;0;1;0;0;0;0
"28/08/2024";"21:13:00";"199";"Com vítima";"1055,00";"BR-163/MT";"Crescente";"Saída de pista";0;0;1;0;0;0;0;0;0;0;0;1;0;0;0
"28/08/2024";"22:27:00";"201";"Sem vítima";"75,543";"BR-163/PA";"Decrescente";"Saída de pista";0;0;1;0;0;0;0;0;0;0;0;0;0;0;0
"29/08/2024";"07:26:00";"92";"Sem vítima";"105,500";"BR-163/PA";"Crescente";"Tombamento";0;0;1;0;0;0;0;0;0;0;0;0;0;0;0
"29/08/2024";"09:03:00";"102";"Sem vítima";"1104,69";"BR-163/MT";"Crescente";"Tombamento";0;0;1;0;0;0;0;0;0;0;0;0;0;0;0
"29/08/2024";"20:00:00";"181";"Sem vítima";"104,000";"BR-163/PA";"Crescente";"Tombamento";0;0;1;0;0;0;0;0;0;0;1;0;0;0;0
"30/08/2024";"03:04:00";"95";"Com vítima";"1005,47";"BR-163/MT";"Decrescente";"Tombamento";1;0;1;0;0;0;0;0;0;0;2;1;0;0;0
"30/08/2024";"08:48:00";"134";"Sem vítima";"323,370";"BR-163/PA";"Crescente";"Colisão traseira";0;0;1;0;0;0;0;0;0;0;1;0;0;0;0
"30/08/2024";"13:04:00";"156";"Sem vítima";"1055,64";"BR-163/MT";"Crescente";"Queda de moto";0;0;0;1;0;0;0;0;0;0;1;0;0;0;0
"30/08/2024";"21:07:00";"196";"Sem vítima";"945,077";"BR-163/MT";"Crescente";"Atropelamento de animal";1;0;0;0;0;0;0;0;0;0;7;0;0;0;0
"30/08/2024";"23:24:00";"200";"Sem vítima";"598,129";"BR-163/PA";"Crescente";"Saída de pista";0;0;1;0;0;0;0;0;0;0;1;0;0;0;0
"31/08/2024";"13:31:00";"156";"Com vítima";"530,890";"BR-163/PA";"Crescente";"Saída de pista";0;0;1;0;0;0;0;0;0;0;0;0;0;0;1
"31/08/2024";"15:14:00";"168";"Sem vítima";"938,000";"BR-163/MT";"Crescente";"Colisão traseira";1;0;0;0;0;0;0;0;0;1;9;0;0;0;0
"31/08/2024";"15:41:00";"170";"Sem vítima";"915,200";"BR-163/MT";"Crescente";"Colisão lateral no mesmo sentido";0;0;2;0;0;0;0;0;0;0;2;0;0;0;0
"31/08/2024";"16:33:00";"174";"Com vítima";"306,500";"BR-163/PA";"Decrescente";"Saída de pista";0;0;0;0;0;0;0;0;0;1;0;1;0;0;0
"31/08/2024";"17:05:00";"177";"Sem vítima";"1127,67";"BR-230/PA";"Crescente";"Colisão traseira";0;0;1;0;0;0;0;0;0;0;1;0;0;0;0
"01/09/2024";"03:37:00";"25";"Com vítima";"1031,75";"BR-163/MT";"Crescente";"Colisão frontal";2;0;0;0;0;0;0;0;0;0;0;2;0;0;0
"01/09/2024";"16:28:00";"101";"Sem vítima";"383,892";"BR-163/PA";"Decrescente";"Capotamento";0;0;0;0;0;0;0;0;0;1;1;0;0;0;0
"01/09/2024";"18:46:00";"111";"Com vítima";"953,046";"BR-163/MT";"Crescente";"Tombamento";0;0;1;0;0;0;0;0;0;0;0;1;0;0;0
"01/09/2024";"21:55:00";"129";"Sem vítima";"940,333";"BR-163/MT";"Crescente";"Capotamento";1;0;0;0;0;0;0;0;0;0;1;0;0;0;0
"02/09/2024";"00:00:00";"202";"Sem vítima";"108,312";"BR-163/PA";"Crescente";"Tombamento";0;0;1;0;0;0;0;0;0;0;4;0;0;0;0
"02/09/2024";"05:51:00";"85";"Com vítima";"928,075";"BR-163/MT";"Decrescente";"Colisão traseira";0;0;0;2;0;0;0;0;0;0;0;6;0;0;0
"02/09/2024";"12:34:00";"160";"Sem vítima";"943,386";"BR-163/MT";"Decrescente";"Colisão traseira";0;0;2;0;0;0;0;0;0;0;15;0;0;0;0
"02/09/2024";"15:25:00";"178";"Sem vítima";"499,121";"BR-163/PA";"Crescente";"Tombamento";0;0;1;0;0;0;0;0;0;0;3;0;0;0;0
"02/09/2024";"19:52:00";"206";"Sem vítima";"998,158";"BR-163/MT";"Decrescente";"Saída de pista";0;0;1;0;0;0;0;0;0;0;4;0;0;0;0
"03/09/2024";"00:00:00";"184";"Sem vítima";"319,515";"BR-163/PA";"Crescente";"Tombamento";0;0;2;0;0;0;0;0;0;0;4;0;0;0;0
"03/09/2024";"00:38:00";"36";"Sem vítima";"36,170";"BR-163/PA";"Crescente";"Tombamento";0;0;1;0;0;0;0;0;0;0;3;0;0;0;0
"03/09/2024";"20:54:00";"182";"Com vítima";"67,683";"BR-163/PA";"Crescente";"Tombamento";0;0;1;0;0;0;0;0;0;0;0;3;0;0;0
"04/09/2024";"10:39:00";"143";"Sem vítima";"1037,50";"BR-163/MT";"Crescente";"Engavetamento";2;0;0;0;0;0;0;0;0;1;4;0;0;0;0
"04/09/2024";"19:37:00";"212";"Com vítima";"1007,16";"BR-163/MT";"Decrescente";"Tombamento";0;0;1;0;0;0;0;0;0;0;0;1;0;0;0
"04/09/2024";"21:45:00";"208";"Com vítima";"132,330";"BR-163/PA";"Crescente";"Tombamento";0;0;1;0;0;0;0;0;0;0;0;1;0;0;0
"05/09/2024";"16:41:00";"198";"Sem vítima";"330,260";"BR-163/PA";"Crescente";"Saída de pista";0;0;1;0;0;0;0;0;0;0;2;0;0;0;0
"05/09/2024";"19:16:00";"214";"Com vítima";"298,117";"BR-163/PA";"Crescente";"Atropelamento de animal";1;0;0;0;0;0;0;0;0;0;0;0;1;0;0
"05/09/2024";"19:23:00";"215";"Sem vítima";"104,038";"BR-163/PA";"Crescente";"Tombamento";0;0;1;0;0;0;0;0;0;0;1;0;0;0;0
"06/09/2024";"00:00:00";"177";"Sem vítima";"272,168";"BR-163/PA";"Crescente";"Colisão lateral no mesmo sentido";0;0;1;0;0;0;0;0;0;1;2;0;0;0;0
"06/09/2024";"09:54:00";"134";"Com vítima";"132,608";"BR-163/PA";"Crescente";"Capotamento";1;0;0;0;0;0;0;0;0;0;0;3;0;0;0
"06/09/2024";"13:14:00";"170";"Sem vítima";"331,324";"BR-163/PA";"Crescente";"Engavetamento";0;0;3;0;0;0;0;0;0;0;3;0;0;0;0
"07/09/2024";"02:15:00";"13";"Com vítima";"400,550";"BR-163/PA";"Decrescente";"Tombamento";0;0;1;0;0;0;0;0;0;0;0;1;0;0;0
"07/09/2024";"03:41:00";"17";"Sem vítima";"167,852";"BR-163/PA";"Decrescente";"Atropelamento de animal";0;0;0;0;0;0;0;0;0;1;2;0;0;0;0
"07/09/2024";"06:44:00";"46";"Sem vítima";"535,500";"BR-163/PA";"Crescente";"Tombamento";0;0;1;0;0;0;0;0;0;0;1;0;0;0;0
"07/09/2024";"07:11:00";"49";"Com vítima";"980,932";"BR-163/MT";"Decrescente";"Colisão lateral no mesmo sentido";1;0;1;0;0;0;0;0;0;0;2;4;0;0;0
"07/09/2024";"09:47:00";"74";"Sem vítima";"1042,39";"BR-163/MT";"Crescente";"Colisão lateral no mesmo sentido";0;0;2;0;0;0;0;0;0;0;2;0;0;0;0
"07/09/2024";"09:59:00";"76";"Sem vítima";"988,500";"BR-163/MT";"Crescente";"Colisão lateral no mesmo sentido";2;0;0;0;0;0;0;0;0;0;0;0;0;0;0
"07/09/2024";"12:36:00";"84";"Com vítima";"555,249";"BR-163/PA";"Decrescente";"Colisão traseira";1;0;1;0;0;0;0;0;0;0;1;1;0;0;0
"08/09/2024";"00:00:00";"167";"Sem vítima";"963,708";"BR-163/MT";"Crescente";"Choque";1;0;0;0;0;0;0;0;0;0;2;0;0;0;0
"08/09/2024";"09:27:00";"99";"Com vítima";"642,545";"BR-163/PA";"Crescente";"Colisão frontal";0;0;1;0;0;0;0;0;0;1;0;1;1;0;0
"08/09/2024";"14:53:00";"129";"Com vítima";"317,805";"BR-163/PA";"Crescente";"Queda de moto";0;0;0;1;0;0;0;0;0;0;0;2;0;0;0
"08/09/2024";"22:04:00";"178";"Sem vítima";"1075,38";"BR-163/MT";"Crescente";"Atropelamento de animal";1;0;0;0;0;0;0;0;0;0;1;0;0;0;0
"08/09/2024";"23:50:00";"183";"Sem vítima";"618,300";"BR-163/PA";"Crescente";"Tombamento";0;0;1;0;0;0;0;0;0;0;1;0;0;0;0
"10/09/2024";"12:19:00";"168";"Sem vítima";"1027,84";"BR-163/MT";"Crescente";"Choque";0;0;0;0;0;0;0;0;0;1;1;0;0;0;0
"10/09/2024";"22:10:00";"229";"Com vítima";"877,467";"BR-163/MT";"Crescente";"Tombamento";0;0;1;0;0;0;0;0;0;0;0;1;0;0;0
"11/09/2024";"03:03:00";"76";"Sem vítima";"269,628";"BR-163/PA";"Crescente";"Atropelamento de animal";0;0;0;0;0;0;0;0;0;1;1;0;0;0;0
"11/09/2024";"04:39:00";"78";"Sem vítima";"582,243";"BR-163/PA";"Crescente";"Tombamento";0;0;1;0;0;0;0;0;0;0;1;0;0;0;0
"11/09/2024";"07:26:00";"97";"Com vítima";"241,217";"BR-163/PA";"Decrescente";"Tombamento";0;0;1;0;0;0;0;0;0;0;1;1;0;0;0
"11/09/2024";"09:26:00";"116";"Sem vítima";"954,344";"BR-163/MT";"Crescente";"Colisão traseira";1;0;0;0;0;0;0;0;0;0;1;0;0;0;0
"11/09/2024";"14:22:00";"142";"Com vítima";"310,101";"BR-163/PA";"Crescente";"Queda de bicicleta";0;1;0;0;0;0;0;0;0;0;0;0;0;0;0
"12/09/2024";"06:34:00";"94";"Sem vítima";"897,022";"BR-163/MT";"Decrescente";"Colisão lateral no mesmo sentido";0;0;1;0;0;0;0;0;0;0;1;0;0;0;0
"12/09/2024";"08:12:00";"114";"Sem vítima";"897,122";"BR-163/MT";"Crescente";"Colisão traseira";0;0;2;0;0;0;0;0;0;0;2;0;0;0;0
"13/09/2024";"02:18:00";"8";"Sem vítima";"624,800";"BR-163/PA";"Decrescente";"Atropelamento de animal";0;0;1;0;0;0;0;0;0;0;0;0;0;0;0
"13/09/2024";"20:19:00";"207";"Sem vítima";"870,422";"BR-163/MT";"Decrescente";"Saída de pista";0;0;1;0;0;0;0;0;0;0;1;0;0;0;0
"14/09/2024";"13:19:00";"135";"Com vítima";"880,000";"BR-163/MT";"Crescente";"Colisão lateral no mesmo sentido";1;0;1;0;0;0;0;0;0;0;1;4;0;0;0
"14/09/2024";"17:34:00";"164";"Com vítima";"200,866";"BR-163/PA";"Decrescente";"Capotamento";1;0;0;0;0;0;0;0;0;0;0;1;0;0;0
"15/09/2024";"12:26:00";"49";"Com vítima";"204,297";"BR-163/PA";"Decrescente";"Colisão traseira";0;0;0;1;0;0;0;0;0;0;0;1;0;0;0
"15/09/2024";"18:45:00";"136";"Com vítima";"314,215";"BR-163/PA";"Crescente";"Colisão traseira";0;0;1;0;0;0;0;0;0;1;1;1;0;0;0
"15/09/2024";"20:06:00";"143";"Sem vítima";"240,488";"BR-163/PA";"Crescente";"Saída de pista";1;0;0;0;0;0;0;0;0;0;1;0;0;0;0
"16/09/2024";"00:16:00";"1";"Sem vítima";"196,000";"BR-163/PA";"Crescente";"Tombamento";0;0;1;0;0;0;0;0;0;0;1;0;0;0;0
"16/09/2024";"11:47:00";"141";"Sem vítima";"1060,00";"BR-163/MT";"Decrescente";"Colisão traseira";2;0;0;0;0;0;0;0;0;0;4;0;0;0;0
"17/09/2024";"02:06:00";"83";"Sem vítima";"987,097";"BR-163/MT";"Crescente";"Colisão lateral no mesmo sentido";0;0;2;0;0;0;0;0;0;0;2;0;0;0;0
"17/09/2024";"07:08:00";"120";"Com vítima";"271,946";"BR-163/PA";"Crescente";"Colisão lateral no mesmo sentido";0;0;1;0;0;1;0;0;0;0;1;1;0;0;0
"18/09/2024";"01:48:00";"112";"Com vítima";"653,300";"BR-163/PA";"Crescente";"Tombamento";0;0;1;0;0;0;0;0;0;0;0;1;0;0;0
"18/09/2024";"05:00:00";"118";"Com vítima";"653,500";"BR-163/PA";"Crescente";"Tombamento";0;0;1;0;0;0;0;0;0;0;0;1;0;0;0
"18/09/2024";"12:33:00";"195";"Com vítima";"307,140";"BR-163/PA";"Decrescente";"Capotamento";1;0;0;0;0;0;0;0;0;0;0;0;1;0;0
"19/09/2024";"00:00:00";"51";"Sem vítima";"267,553";"BR-163/PA";"Crescente";"Atropelamento de animal";0;0;1;0;0;0;0;0;0;0;1;0;0;0;0
"19/09/2024";"07:43:00";"124";"Sem vítima";"1036,46";"BR-163/MT";"Decrescente";"Saída de pista";0;0;0;0;0;0;0;0;0;1;1;0;0;0;0
"19/09/2024";"09:37:00";"148";"Com vítima";"964,000";"BR-163/MT";"Crescente";"Saída de pista";0;0;1;0;0;0;0;0;0;0;0;1;0;0;0
"19/09/2024";"10:25:00";"157";"Com vítima";"650,948";"BR-163/PA";"Crescente";"Colisão lateral no mesmo sentido";1;0;1;0;0;0;0;0;0;0;6;2;0;0;0
"19/09/2024";"12:27:00";"167";"Com vítima";"562,784";"BR-163/PA";"Crescente";"Colisão frontal";2;0;0;0;0;0;0;0;0;0;0;4;0;0;0
"19/09/2024";"17:07:00";"181";"Com vítima";"309,347";"BR-163/PA";"Decrescente";"Colisão lateral no mesmo sentido";0;0;0;1;0;0;0;0;0;0;1;1;0;0;0
"19/09/2024";"20:42:00";"197";"Sem vítima";"946,162";"BR-163/MT";"Crescente";"Colisão traseira";0;0;0;0;0;0;0;0;0;1;4;0;0;0;0
"20/09/2024";"13:44:00";"187";"Sem vítima";"68,558";"BR-163/PA";"Crescente";"Colisão traseira";0;0;2;0;0;0;0;0;0;0;2;0;0;0;0
"20/09/2024";"14:21:00";"194";"Sem vítima";"68,080";"BR-163/PA";"Crescente";"Colisão lateral no mesmo sentido";1;0;1;0;0;0;0;0;0;0;2;0;0;0;0
"20/09/2024";"16:36:00";"209";"Sem vítima";"68,204";"BR-163/PA";"Decrescente";"Colisão transversal";0;0;0;0;0;0;0;0;0;1;1;0;0;0;0
"21/09/2024";"21:51:00";"160";"Sem vítima";"1026,73";"BR-163/MT";"Crescente";"Atropelamento de animal";0;0;0;0;0;0;0;0;0;1;2;0;0;0;0
"21/09/2024";"23:07:00";"167";"Com vítima";"294,178";"BR-163/PA";"Crescente";"Colisão traseira";0;0;1;0;0;0;0;0;0;1;1;0;0;0;1
"23/09/2024";"00:00:00";"23";"Sem vítima";"565,000";"BR-163/PA";"Crescente";"Atropelamento de animal";0;0;0;0;0;0;0;0;0;1;4;0;0;0;0
"23/09/2024";"11:40:00";"166";"Sem vítima";"177,875";"BR-163/PA";"Crescente";"Choque";0;0;0;0;0;0;0;0;0;1;1;0;0;0;0
"23/09/2024";"12:55:00";"148";"Com vítima";"1035,53";"BR-163/MT";"Decrescente";"Queda de moto";0;0;0;1;0;0;0;0;0;0;0;2;0;0;0
"24/09/2024";"07:43:00";"140";"Sem vítima";"247,062";"BR-163/PA";"Decrescente";"Tombamento";0;0;1;0;0;0;0;0;0;0;0;0;0;0;0
"24/09/2024";"08:18:00";"150";"Sem vítima";"650,473";"BR-163/PA";"Crescente";"Tombamento";0;0;1;0;0;0;0;0;0;0;1;0;0;0;0
"24/09/2024";"09:33:00";"164";"Sem vítima";"873,500";"BR-163/MT";"Decrescente";"Colisão lateral no mesmo sentido";1;0;1;0;0;0;0;0;0;0;5;0;0;0;0
"25/09/2024";"08:51:00";"151";"Com vítima";"433,023";"BR-163/PA";"Crescente";"Tombamento";0;0;1;0;0;0;0;0;0;0;0;3;0;0;0
"25/09/2024";"19:45:00";"215";"Com vítima";"163,380";"BR-163/PA";"Crescente";"Colisão frontal";0;0;2;0;0;0;0;0;0;0;0;6;0;0;0
"26/09/2024";"02:46:00";"87";"Com vítima";"577,900";"BR-163/PA";"Decrescente";"Colisão frontal";0;0;2;0;0;0;0;0;0;0;0;2;0;0;0
"26/09/2024";"03:29:00";"108";"Sem vítima";"1026,27";"BR-163/MT";"Decrescente";"Saída de pista";0;0;1;0;0;0;0;0;0;0;1;0;0;0;0
"26/09/2024";"19:36:00";"231";"Sem vítima";"943,104";"BR-163/MT";"Decrescente";"Colisão frontal";1;0;0;0;0;0;0;0;0;0;1;0;0;0;0
"27/09/2024";"01:36:00";"3";"Sem vítima";"1049,31";"BR-163/MT";"Crescente";"Capotamento";1;0;0;0;0;0;0;0;0;0;1;0;0;0;0
"27/09/2024";"03:39:00";"14";"Sem vítima";"305,670";"BR-163/PA";"Crescente";"Atropelamento de animal";0;0;0;0;0;0;0;0;0;1;2;0;0;0;0
"27/09/2024";"10:57:00";"164";"Sem vítima";"1037,37";"BR-163/MT";"Crescente";"Colisão traseira";1;0;0;0;0;0;0;0;0;1;2;0;0;0;0
"27/09/2024";"12:33:00";"169";"Sem vítima";"649,116";"BR-163/PA";"Crescente";"Colisão lateral no mesmo sentido";0;0;0;0;0;0;0;0;0;1;2;0;0;0;0
"27/09/2024";"13:33:00";"180";"Com vítima";"593,846";"BR-163/PA";"Decrescente";"Colisão lateral no mesmo sentido";0;0;0;1;0;0;0;0;0;1;3;2;0;0;0
"27/09/2024";"17:15:00";"196";"Sem vítima";"987,110";"BR-163/MT";"Crescente";"Colisão traseira";1;0;1;0;0;0;0;0;0;0;0;0;0;0;0
"27/09/2024";"17:24:00";"197";"Com vítima";"405,528";"BR-163/PA";"Decrescente";"Saída de pista";0;0;0;0;0;0;0;0;0;1;0;2;0;0;0
"28/09/2024";"11:00:00";"117";"Com vítima";"430,158";"BR-163/PA";"Crescente";"Queda de moto";0;0;0;1;0;0;0;0;0;0;0;1;0;0;0
"28/09/2024";"20:52:00";"161";"Sem vítima";"1003,92";"BR-163/MT";"Decrescente";"Atropelamento de animal";0;0;0;0;0;0;0;0;0;1;2;0;0;0;0
"28/09/2024";"21:28:00";"162";"Sem vítima";"916,151";"BR-163/MT";"Crescente";"Atropelamento de animal";0;0;0;0;0;0;0;0;0;1;1;0;0;0;0
"28/09/2024";"22:38:00";"163";"Com vítima";"111,388";"BR-163/PA";"Crescente";"Colisão frontal";0;0;0;0;0;0;0;0;0;1;0;3;1;0;0
"28/09/2024";"23:17:00";"164";"Sem vítima";"403,489";"BR-163/PA";"Crescente";"Atropelamento de animal";1;0;0;0;0;0;0;0;0;0;1;0;0;0;0
"29/09/2024";"18:10:00";"87";"Com vítima";"1053,14";"BR-163/MT";"Crescente";"Colisão traseira";1;0;0;1;0;0;0;0;0;0;1;1;0;0;0
"29/09/2024";"18:44:00";"90";"Sem vítima";"1052,80";"BR-163/MT";"Crescente";"Colisão traseira";1;0;0;0;0;0;0;0;0;1;2;0;0;0;0
"29/09/2024";"22:44:00";"102";"Com vítima";"168,041";"BR-163/PA";"Decrescente";"Queda de moto";0;0;0;1;0;0;0;0;0;0;0;1;0;0;0
"30/09/2024";"03:17:00";"88";"Sem vítima";"972,158";"BR-163/MT";"Crescente";"Tombamento";0;0;1;0;0;0;0;0;0;0;2;0;0;0;0
"30/09/2024";"04:43:00";"92";"Com vítima";"922,720";"BR-163/MT";"Decrescente";"Capotamento";1;0;0;0;0;0;0;0;0;0;0;1;0;0;0
"30/09/2024";"15:19:00";"180";"Sem vítima";"605,300";"BR-163/PA";"Decrescente";"Colisão transversal";0;0;1;0;0;0;0;0;0;1;3;0;0;0;0
"30/09/2024";"15:49:00";"184";"Sem vítima";"267,800";"BR-163/PA";"Crescente";"Colisão lateral no mesmo sentido";1;0;0;0;0;0;0;0;0;0;2;0;0;0;0
"30/09/2024";"17:38:00";"189";"Sem vítima";"860,122";"BR-163/MT";"Decrescente";"Saída de pista";0;0;1;0;0;0;0;0;0;0;2;0;0;0;0
"01/10/2024";"04:46:00";"95";"Sem vítima";"617,761";"BR-163/PA";"Decrescente";"Tombamento";0;0;1;0;0;0;0;0;0;0;1;0;0;0;0
"01/10/2024";"10:30:00";"136";"Sem vítima";"976,218";"BR-163/MT";"Crescente";"Capotamento";0;0;0;0;0;0;0;0;0;1;1;0;0;0;0
"01/10/2024";"19:06:00";"171";"Com vítima";"640,210";"BR-163/PA";"Crescente";"Atropelamento de animal";1;0;0;0;0;0;0;0;0;0;0;2;0;0;0
"02/10/2024";"17:48:00";"205";"Com vítima";"900,500";"BR-163/MT";"Decrescente";"Colisão traseira";0;0;1;0;1;0;0;0;0;0;6;38;2;0;0
"02/10/2024";"19:29:00";"209";"Sem vítima";"953,700";"BR-163/MT";"Crescente";"Atropelamento de animal";0;0;1;0;0;0;0;0;0;0;2;0;0;0;0
"02/10/2024";"21:36:00";"212";"Com vítima";"114,479";"BR-163/PA";"Decrescente";"Queda de moto";0;0;0;1;0;0;0;0;0;0;0;2;0;0;0
"03/10/2024";"07:32:00";"116";"Com vítima";"617,778";"BR-163/PA";"Crescente";"Tombamento";0;0;1;0;0;0;0;0;0;0;0;1;0;0;0
"04/10/2024";"00:05:00";"1";"Sem vítima";"598,920";"BR-163/PA";"Crescente";"Saída de pista";0;0;0;0;0;0;0;0;0;1;0;0;0;0;0
"04/10/2024";"15:54:00";"209";"Sem vítima";"310,309";"BR-163/PA";"Decrescente";"Choque";0;0;0;1;0;0;0;0;0;0;1;0;0;0;0
"04/10/2024";"17:41:00";"224";"Com vítima";"164,500";"BR-163/PA";"Crescente";"Queda de moto";0;0;0;1;0;0;0;0;0;0;0;1;0;0;0
"04/10/2024";"19:41:00";"236";"Com vítima";"197,600";"BR-163/PA";"Crescente";"Queda de moto";0;0;0;2;0;0;0;0;0;0;0;1;0;1;0
"04/10/2024";"23:00:00";"242";"Sem vítima";"389,900";"BR-163/PA";"Decrescente";"Atropelamento de animal";0;0;1;0;0;0;0;0;0;0;0;0;0;0;0
"04/10/2024";"23:07:00";"240";"Sem vítima";"389,926";"BR-163/PA";"Crescente";"Tombamento";0;0;1;0;0;0;0;0;0;0;1;0;0;0;0
"05/10/2024";"00:00:00";"154";"Sem vítima";"950,812";"BR-163/MT";"Crescente";"Colisão lateral no mesmo sentido";0;0;1;0;0;0;0;0;0;0;1;0;0;0;0
"05/10/2024";"03:17:00";"53";"Com vítima";"991,829";"BR-163/MT";"Crescente";"Atropelamento de animal";0;0;0;0;0;0;0;0;0;1;0;2;0;0;0
"05/10/2024";"03:20:00";"54";"Sem vítima";"591,362";"BR-163/PA";"Crescente";"Tombamento";0;0;1;0;0;0;0;0;0;0;1;0;0;0;0
"05/10/2024";"15:28:00";"176";"Com vítima";"405,152";"BR-163/PA";"Crescente";"Tombamento";0;0;1;0;0;0;0;0;0;0;0;1;0;0;0
"05/10/2024";"21:55:00";"201";"Sem vítima";"1079,25";"BR-163/MT";"Decrescente";"Atropelamento de animal";1;0;0;0;0;0;0;0;0;0;1;0;0;0;0
"05/10/2024";"21:59:00";"202";"Sem vítima";"641,358";"BR-163/PA";"Crescente";"Atropelamento de animal";1;0;0;0;0;0;0;0;0;0;1;0;0;0;0
"05/10/2024";"22:57:00";"206";"Sem vítima";"1060,21";"BR-163/MT";"Decrescente";"Colisão lateral no mesmo sentido";1;0;0;0;0;0;0;0;0;0;1;0;0;0;0
"06/10/2024";"00:00:00";"186";"Com vítima";"9,141";"BR-163/PA";"Decrescente";"Choque";0;0;0;0;0;0;0;0;0;2;2;0;0;1;0
"06/10/2024";"03:09:00";"40";"Sem vítima";"989,589";"BR-163/MT";"Crescente";"Choque";1;0;0;0;0;0;0;0;0;0;1;0;0;0;0
"06/10/2024";"10:25:00";"122";"Sem vítima";"1102,32";"BR-163/MT";"Crescente";"Tombamento";0;0;1;0;0;0;0;0;0;0;0;0;0;0;0
"06/10/2024";"19:14:00";"178";"Sem vítima";"324,000";"BR-163/PA";"Decrescente";"Atropelamento de animal";0;0;0;0;0;0;0;0;0;1;1;0;0;0;0