data;horario;n_da_ocorrencia;tipo_de_ocorrencia;km;trecho;sentido;tipo_de_acidente;automovel;bicicleta;caminhao;moto;onibus;outros;tracao_animal;transporte_de_cargas_especiais;trator_maquinas;utilitarios;ilesos;levemente_feridos;moderadamente_feridos;gravemente_feridos;mortos
"16/01/2025";"16:29:00";"198";"Sem vítima";"870,979";"BR-163/MT";"Decrescente";"Colisão traseira";1;0;0;0;0;0;0;0;0;0;2;0;0;0;0
"17/01/2025";"04:58:00";"115";"Com vítima";"1033,02";"BR-163/MT";"Crescente";"Saída de pista";1;0;0;0;0;0;0;0;0;0;0;2;0;0;0
"17/01/2025";"19:33:00";"182";"Sem vítima";"1060,38";"BR-163/MT";"Decrescente";"Atropelamento de animal";1;0;0;0;0;0;0;0;0;0;1;0;0;0;0
"18/01/2025";"13:33:00";"144";"Com vítima";"623,687";"BR-163/PA";"Crescente";"Colisão frontal";0;0;1;1;0;0;0;0;0;0;1;1;0;0;0
"18/01/2025";"19:27:00";"173";"Com vítima";"336,220";"BR-163/PA";"Crescente";"Capotamento";1;0;0;0;0;0;0;0;0;0;0;2;0;0;0
"18/01/2025";"20:53:00";"177";"Sem vítima";"640,382";"BR-163/PA";"Decrescente";"Atropelamento de animal";1;0;0;0;0;0;0;0;0;0;2;0;0;0;0
"18/01/2025";"23:43:00";"184";"Com vítima";"335,800";"BR-163/PA";"Decrescente";"Queda de moto";0;0;0;1;0;0;0;0;0;0;0;1;0;0;0
"19/01/2025";"13:32:00";"84";"Sem vítima";"930,614";"BR-163/MT";"Crescente";"Choque";0;0;0;0;0;0;0;0;0;0;0;0;0;0;0
"20/01/2025";"00:46:00";"2";"Com vítima";"1027,80";"BR-163/MT";"Decrescente";"Atropelamento de animal";0;0;0;0;0;0;0;0;0;1;0;4;0;0;0
"20/01/2025";"14:27:00";"169";"Sem vítima";"44,246";"BR-163/PA";"Decrescente";"Saída de pista";1;0;0;0;0;0;0;0;0;0;4;0;0;0;0
"20/01/2025";"20:15:00";"196";"Sem vítima";"354,308";"BR-163/PA";"Decrescente";"Atropelamento de animal";1;0;0;0;0;0;0;0;0;0;1;0;0;0;0
"21/01/2025";"07:32:00";"136";"Sem vítima";"468,959";"BR-163/PA";"Crescente";"Atropelamento de animal";1;0;0;0;0;0;0;0;0;0;1;0;0;0;0
"21/01/2025";"12:57:00";"154";"Com vítima";"1102,28";"BR-163/MT";"Crescente";"Colisão lateral no mesmo sentido";0;0;2;0;0;0;0;0;0;0;0;0;2;1;0
"21/01/2025";"20:10:00";"174";"Sem vítima";"61,462";"BR-163/PA";"Crescente";"Choque";1;0;0;0;0;0;0;0;0;0;2;0;0;0;0
"21/01/2025";"21:44:00";"176";"Sem vítima";"158,100";"BR-163/PA";"Crescente";"Saída de pista";0;0;0;0;0;0;0;0;0;1;1;0;0;0;0
"22/01/2025";"01:29:00";"5";"Sem vítima";"173,488";"BR-163/PA";"Crescente";"Atropelamento de animal";0;0;0;0;0;0;0;0;0;1;1;0;0;0;0
"22/01/2025";"11:25:00";"156";"Com vítima";"897,105";"BR-163/MT";"Crescente";"Colisão traseira";1;0;1;0;0;0;0;0;0;0;2;1;0;0;0
"22/01/2025";"14:05:00";"170";"Sem vítima";"955,626";"BR-163/MT";"Decrescente";"Colisão frontal";0;0;0;0;0;0;0;0;0;2;2;0;0;0;0
"22/01/2025";"16:04:00";"182";"Com vítima";"65,150";"BR-163/PA";"Crescente";"Capotamento";0;0;0;0;0;0;0;0;0;1;1;1;0;0;0
"23/01/2025";"04:37:00";"120";"Sem vítima";"929,297";"BR-163/MT";"Crescente";"Atropelamento de animal";0;0;0;0;0;0;0;0;0;1;3;0;0;0;0
"23/01/2025";"08:21:00";"144";"Com vítima";"865,772";"BR-163/MT";"Crescente";"Engavetamento";0;0;2;0;0;0;0;0;0;1;3;1;0;0;0
"23/01/2025";"11:00:00";"154";"Sem vítima";"1012,92";"BR-163/MT";"Crescente";"Colisão traseira";0;0;1;0;0;0;0;0;0;0;1;0;0;0;0
"24/01/2025";"08:04:00";"139";"Sem vítima";"870,434";"BR-163/MT";"Crescente";"Colisão transversal";0;0;1;0;0;0;0;0;0;1;6;0;0;0;0
"24/01/2025";"11:05:00";"171";"Sem vítima";"106,840";"BR-163/PA";"Crescente";"Saída de pista";0;0;0;0;0;0;0;0;0;1;1;0;0;0;0
"24/01/2025";"13:32:00";"180";"Sem vítima";"924,500";"BR-163/MT";"Decrescente";"Saída de pista";0;0;0;0;0;0;0;0;0;1;2;0;0;0;0
"24/01/2025";"14:47:00";"184";"Com vítima";"421,480";"BR-163/PA";"Crescente";"Tombamento";0;0;1;0;0;0;0;0;0;0;0;0;1;0;0
"25/01/2025";"00:00:00";"138";"Sem vítima";"139,945";"BR-163/PA";"Crescente";"Atropelamento de animal";1;0;0;0;0;0;0;0;0;0;5;0;0;0;0
"25/01/2025";"00:33:00";"8";"Com vítima";"860,015";"BR-163/MT";"Crescente";"Queda de moto";0;0;0;1;0;0;0;0;0;0;0;2;0;0;0
"25/01/2025";"01:38:00";"34";"Sem vítima";"346,220";"BR-163/PA";"Crescente";"Atropelamento de animal";0;0;0;0;0;0;0;0;0;1;1;0;0;0;0
"25/01/2025";"06:10:00";"86";"Sem vítima";"897,059";"BR-163/MT";"Crescente";"Colisão lateral no mesmo sentido";0;0;2;0;0;0;0;0;0;0;3;0;0;0;0
"25/01/2025";"13:19:00";"118";"Sem vítima";"58,317";"BR-163/PA";"Decrescente";"Saída de pista";0;0;0;0;0;0;0;0;0;1;2;0;0;0;0
"26/01/2025";"16:17:00";"114";"Com vítima";"1065,14";"BR-163/MT";"Decrescente";"Queda de bicicleta";0;1;0;0;0;0;0;0;0;0;0;0;0;0;0
"26/01/2025";"18:52:00";"142";"Com vítima";"344,051";"BR-163/PA";"Crescente";"Colisão lateral no mesmo sentido";0;0;1;0;0;0;0;0;0;0;0;1;0;0;0
"26/01/2025";"19:21:00";"144";"Sem vítima";"467,383";"BR-163/PA";"Crescente";"Tombamento";0;0;1;0;0;0;0;0;0;0;1;0;0;0;0
"26/01/2025";"19:33:00";"146";"Com vítima";"413,885";"BR-163/PA";"Crescente";"Tombamento";0;0;1;0;0;0;0;0;0;0;0;1;0;0;0
"27/01/2025";"06:07:00";"125";"Sem vítima";"986,400";"BR-163/MT";"Decrescente";"Saída de pista";0;0;1;0;0;0;0;0;0;0;1;0;0;0;0
"27/01/2025";"06:58:00";"134";"Sem vítima";"264,199";"BR-163/PA";"Crescente";"Saída de pista";1;0;0;0;0;0;0;0;0;0;1;0;0;0;0
"27/01/2025";"09:09:00";"159";"Com vítima";"298,439";"BR-163/PA";"Crescente";"Colisão frontal";0;0;1;1;0;0;0;0;0;0;1;1;0;0;0
"27/01/2025";"14:24:00";"197";"Com vítima";"322,487";"BR-163/PA";"Decrescente";"Engavetamento";0;0;1;0;0;0;0;0;0;1;0;2;0;0;0
"27/01/2025";"18:26:00";"225";"Sem vítima";"309,202";"BR-163/PA";"Decrescente";"Saída de pista";0;0;1;0;0;0;0;0;0;0;1;0;0;0;0
"28/01/2025";"01:52:00";"8";"Sem vítima";"1128,94";"BR-230/PA";"Crescente";"Saída de pista";0;0;1;0;0;0;0;0;0;0;1;0;0;0;0
"28/01/2025";"10:06:00";"172";"Sem vítima";"1102,50";"BR-163/MT";"Decrescente";"Saída de pista";0;0;1;0;0;0;0;0;0;0;1;0;0;0;0
"28/01/2025";"11:39:00";"182";"Sem vítima";"1044,44";"BR-163/MT";"Crescente";"Colisão traseira";0;0;3;0;0;0;0;0;0;1;4;0;0;0;0
"28/01/2025";"23:57:00";"248";"Sem vítima";"342,050";"BR-163/PA";"Crescente";"Tombamento";0;0;1;0;0;0;0;0;0;0;1;0;0;0;0
"29/01/2025";"14:03:00";"183";"Sem vítima";"886,441";"BR-163/MT";"Decrescente";"Saída de pista";0;0;1;0;0;0;0;0;0;0;1;0;0;0;0
"29/01/2025";"15:17:00";"190";"Com vítima";"1050,36";"BR-163/MT";"Crescente";"Colisão traseira";0;0;0;0;0;0;0;0;0;2;2;1;0;0;0
"29/01/2025";"15:23:00";"191";"Sem vítima";"1048,55";"BR-163/MT";"Decrescente";"Colisão traseira";0;0;0;0;0;0;0;0;0;2;2;0;0;0;0
"29/01/2025";"18:03:00";"197";"Com vítima";"901,335";"BR-163/MT";"Crescente";"Colisão transversal";1;0;0;0;0;1;0;0;0;1;1;1;1;3;1
"29/01/2025";"18:54:00";"201";"Com vítima";"1022,36";"BR-163/MT";"Decrescente";"Colisão traseira";0;0;1;0;0;0;0;0;0;1;1;3;0;0;0
"30/01/2025";"04:38:00";"120";"Com vítima";"1057,43";"BR-163/MT";"Decrescente";"Queda de moto";0;0;0;1;0;0;0;0;0;0;0;1;0;0;0
"30/01/2025";"15:44:00";"211";"Sem vítima";"1108,50";"BR-163/MT";"Crescente";"Tombamento";0;0;1;0;0;0;0;0;0;0;1;0;0;0;0
"30/01/2025";"18:35:00";"223";"Sem vítima";"1067,49";"BR-163/MT";"Crescente";"Saída de pista";1;0;0;0;0;0;0;0;0;0;1;0;0;0;0
"30/01/2025";"18:55:00";"225";"Sem vítima";"1035,71";"BR-163/MT";"Decrescente";"Atropelamento de animal";1;0;0;0;0;0;0;0;0;0;2;0;0;0;0
"30/01/2025";"21:02:00";"235";"Sem vítima";"857,047";"BR-163/MT";"Crescente";"Saída de pista";0;0;0;0;0;0;0;0;0;1;2;0;0;0;0
"31/01/2025";"00:20:00";"8";"Sem vítima";"642,884";"BR-163/PA";"Decrescente";"Atropelamento de animal";0;0;0;0;0;0;0;0;0;1;2;0;0;0;0
"31/01/2025";"01:24:00";"18";"Com vítima";"1096,40";"BR-230/PA";"Crescente";"Tombamento";0;0;1;0;0;0;0;0;0;0;0;1;0;0;0
"31/01/2025";"03:05:00";"57";"Com vítima";"888,936";"BR-163/MT";"Crescente";"Saída de pista";0;0;0;0;0;0;0;0;0;1;0;1;0;0;0
"31/01/2025";"23:16:00";"229";"Com vítima";"145,120";"BR-163/PA";"Decrescente";"Colisão frontal";0;0;1;0;0;0;0;0;0;1;0;3;0;0;1
"01/02/2025";"04:05:00";"68";"Com vítima";"633,700";"BR-163/PA";"Crescente";"Tombamento";0;0;1;0;0;0;0;0;0;0;1;1;0;0;0
"01/02/2025";"10:49:00";"121";"Sem vítima";"941,540";"BR-163/MT";"Decrescente";"Saída de pista";0;0;0;0;0;0;0;0;0;1;1;0;0;0;0
"01/02/2025";"16:08:00";"144";"Sem vítima";"380,389";"BR-163/PA";"Crescente";"Colisão lateral no mesmo sentido";1;0;1;0;0;0;0;0;0;0;6;0;0;0;0
"01/02/2025";"17:58:00";"149";"Com vítima";"620,122";"BR-163/PA";"Crescente";"Saída de pista";0;0;1;0;0;0;0;0;0;0;0;1;0;0;0
"01/02/2025";"23:31:00";"182";"Com vítima";"343,091";"BR-163/PA";"Crescente";"Colisão frontal";0;0;1;1;0;0;0;0;0;0;1;0;0;0;1
"02/02/2025";"06:19:00";"55";"Com vítima";"309,635";"BR-163/PA";"Crescente";"Colisão lateral no mesmo sentido";0;0;0;0;0;0;0;0;0;0;0;0;0;0;0
"02/02/2025";"13:18:00";"107";"Com vítima";"1020,79";"BR-163/MT";"Decrescente";"Capotamento";1;0;0;0;0;0;0;0;0;0;0;2;0;0;0
"02/02/2025";"15:11:00";"113";"Sem vítima";"272,413";"BR-163/PA";"Decrescente";"Choque";0;0;1;0;0;1;0;0;0;0;2;0;0;0;0
"02/02/2025";"20:12:00";"136";"Sem vítima";"97,200";"BR-163/PA";"Crescente";"Colisão lateral no mesmo sentido";1;0;2;0;0;0;0;0;0;0;4;0;0;0;0
"03/02/2025";"00:00:00";"162";"Sem vítima";"148,377";"BR-163/PA";"Decrescente";"Saída de pista";0;0;1;0;0;0;0;0;0;0;1;0;0;0;0
"04/02/2025";"08:50:00";"138";"Sem vítima";"30,221";"BR-163/PA";"Decrescente";"Saída de pista";0;0;1;0;0;0;0;0;0;0;1;0;0;0;0
"04/02/2025";"09:08:00";"140";"Sem vítima";"508,511";"BR-163/PA";"Crescente";"Colisão traseira";0;0;2;0;0;0;0;0;0;0;2;0;0;0;0
"04/02/2025";"15:25:00";"179";"Sem vítima";"653,300";"BR-163/PA";"Decrescente";"Tombamento";0;0;1;0;0;0;0;0;0;0;1;0;0;0;0
"04/02/2025";"21:11:00";"215";"Sem vítima";"110,000";"BR-163/PA";"Crescente";"Colisão traseira";0;0;2;0;0;0;0;0;0;0;4;0;0;0;0
"05/02/2025";"00:00:00";"87";"Com vítima";"942,428";"BR-163/MT";"Decrescente";"Saída de pista";0;0;0;0;0;0;0;0;0;1;0;2;0;0;0
"05/02/2025";"02:43:00";"111";"Sem vítima";"1109,50";"BR-163/MT";"Crescente";"Tombamento";0;0;1;0;0;0;0;0;0;0;1;0;0;0;0
"05/02/2025";"07:38:00";"153";"Sem vítima";"897,500";"BR-163/MT";"Decrescente";"Choque";2;0;0;0;0;0;0;0;0;0;2;0;0;0;0
"05/02/2025";"09:14:00";"168";"Sem vítima";"625,500";"BR-163/PA";"Crescente";"Choque";0;0;2;0;0;0;0;0;0;0;2;0;0;0;0
"05/02/2025";"13:00:00";"203";"Sem vítima";"527,320";"BR-163/PA";"Crescente";"Colisão traseira";0;0;2;0;0;0;0;0;0;0;3;0;0;0;0
"05/02/2025";"15:03:00";"215";"Sem vítima";"446,760";"BR-163/PA";"Decrescente";"Colisão traseira";0;0;0;0;0;0;0;0;0;0;0;0;0;0;0
"05/02/2025";"16:35:00";"223";"Sem vítima";"243,480";"BR-163/PA";"Decrescente";"Saída de pista";1;0;0;0;0;0;0;0;0;0;1;0;0;0;0
"05/02/2025";"17:07:00";"212";"Sem vítima";"23,670";"BR-163/PA";"Crescente";"Tombamento";0;0;1;0;0;0;0;0;0;0;1;0;0;0;0
"05/02/2025";"19:14:00";"237";"Com vítima";"371,500";"BR-163/PA";"Crescente";"Colisão lateral no mesmo sentido";1;0;0;0;0;0;0;0;0;0;2;2;0;0;0
"05/02/2025";"21:45:00";"249";"Com vítima";"408,250";"BR-163/PA";"Crescente";"Colisão transversal";0;0;0;1;0;0;0;0;0;1;2;1;0;0;0
"06/02/2025";"09:10:00";"199";"Sem vítima";"1106,00";"BR-230/PA";"Crescente";"Colisão lateral no mesmo sentido";0;0;2;0;0;0;0;0;0;0;4;0;0;0;0
"06/02/2025";"15:40:00";"181";"Sem vítima";"970,327";"BR-163/MT";"Decrescente";"Saída de pista";1;0;0;0;0;0;0;0;0;0;1;0;0;0;0
"06/02/2025";"19:57:00";"202";"Sem vítima";"1106,00";"BR-230/PA";"Crescente";"Colisão traseira";1;0;1;0;0;0;0;0;0;0;6;0;0;0;0
"07/02/2025";"04:45:00";"104";"Com vítima";"1078,10";"BR-163/MT";"Crescente";"Colisão traseira";0;0;1;0;0;0;0;0;0;1;3;2;0;0;0
"07/02/2025";"06:24:00";"130";"Com vítima";"1049,79";"BR-163/MT";"Crescente";"Colisão lateral no mesmo sentido";0;0;0;0;0;0;0;0;0;1;0;0;1;0;0
"07/02/2025";"07:15:00";"138";"Sem vítima";"1125,50";"BR-230/PA";"Decrescente";"Saída de pista";0;0;1;0;0;0;0;0;0;0;1;0;0;0;0
"07/02/2025";"08:20:00";"151";"Sem vítima";"435,933";"BR-163/PA";"Decrescente";"Tombamento";0;0;1;0;0;0;0;0;0;0;1;0;0;0;0
"07/02/2025";"11:22:00";"163";"Sem vítima";"420,584";"BR-163/PA";"Crescente";"Colisão transversal";0;0;1;0;0;0;0;0;0;0;1;0;0;0;0
"07/02/2025";"13:20:00";"175";"Sem vítima";"420,582";"BR-163/PA";"Decrescente";"Tombamento";0;0;1;0;0;0;0;0;0;0;1;0;0;0;0
"07/02/2025";"15:49:00";"189";"Sem vítima";"591,300";"BR-163/PA";"Crescente";"Tombamento";0;0;3;0;0;0;0;0;0;0;3;0;0;0;0
"08/02/2025";"00:00:00";"145";"Sem vítima";"1037,41";"BR-163/MT";"Crescente";"Colisão traseira";1;0;0;0;0;0;0;0;0;1;2;0;0;0;0
"08/02/2025";"11:53:00";"112";"Com vítima";"142,344";"BR-163/PA";"Decrescente";"Queda de moto";0;0;0;1;0;0;0;0;0;0;0;2;0;0;0
"08/02/2025";"22:46:00";"175";"Sem vítima";"412,413";"BR-163/PA";"Decrescente";"Saída de pista";0;0;1;0;0;0;0;0;0;0;1;0;0;0;0
"09/02/2025";"11:50:00";"129";"Com vítima";"1048,01";"BR-163/MT";"Crescente";"Saída de pista";0;0;1;0;0;0;0;0;0;0;0;1;0;0;0
"09/02/2025";"14:57:00";"151";"Sem vítima";"934,382";"BR-163/MT";"Crescente";"Saída de pista";1;0;0;0;0;0;0;0;0;0;2;0;0;0;0
"09/02/2025";"16:03:00";"160";"Com vítima";"516,200";"BR-163/PA";"Crescente";"Colisão lateral no mesmo sentido";0;0;2;0;0;0;0;0;0;0;0;3;0;0;0
"09/02/2025";"16:38:00";"169";"Sem vítima";"261,858";"BR-163/PA";"Crescente";"Tombamento";0;0;1;0;0;0;0;0;0;0;1;0;0;0;0
"09/02/2025";"19:03:00";"180";"Com vítima";"943,802";"BR-163/MT";"Decrescente";"Colisão frontal";1;0;1;0;0;0;0;0;0;0;0;3;0;0;0
"10/02/2025";"00:00:00";"209";"Com vítima";"617,800";"BR-163/PA";"Crescente";"Tombamento";0;0;1;0;0;0;0;0;0;0;0;3;0;0;0
"10/02/2025";"07:20:00";"125";"Com vítima";"434,870";"BR-163/PA";"Crescente";"Tombamento";0;0;1;0;0;0;0;0;0;0;0;1;0;0;0
"10/02/2025";"10:31:00";"149";"Com vítima";"1029,15";"BR-163/MT";"Decrescente";"Colisão transversal";0;0;1;1;0;0;0;0;0;0;2;2;0;0;0
"10/02/2025";"18:37:00";"203";"Com vítima";"1030,15";"BR-163/MT";"Decrescente";"Colisão transversal";0;1;0;0;0;0;0;0;0;1;1;0;0;0;0
"10/02/2025";"18:49:00";"205";"Com vítima";"318,349";"BR-163/PA";"Crescente";"Tombamento";0;0;3;0;0;0;0;0;0;0;0;3;0;0;0
"11/02/2025";"01:42:00";"7";"Sem vítima";"80,900";"BR-163/PA";"Crescente";"Tombamento";0;0;1;0;0;0;0;0;0;0;1;0;0;0;0
"11/02/2025";"02:53:00";"23";"Com vítima";"104,824";"BR-163/PA";"Crescente";"Tombamento";0;0;1;0;0;0;0;0;0;0;0;1;0;0;0
"11/02/2025";"03:58:00";"80";"Sem vítima";"330,236";"BR-163/PA";"Decrescente";"Tombamento";0;0;1;0;0;0;0;0;0;0;1;0;0;0;0
"11/02/2025";"06:44:00";"132";"Sem vítima";"642,700";"BR-163/PA";"Crescente";"Saída de pista";0;0;1;0;0;0;0;0;0;0;1;0;0;0;0
"11/02/2025";"08:15:00";"140";"Sem vítima";"1062,60";"BR-163/MT";"Crescente";"Engavetamento";1;0;0;0;0;0;0;0;0;2;4;0;0;0;0
"11/02/2025";"09:38:00";"155";"Sem vítima";"1097,36";"BR-230/PA";"Decrescente";"Colisão traseira";0;0;2;0;0;0;0;0;0;0;2;0;0;0;0
"11/02/2025";"11:16:00";"162";"Sem vítima";"648,750";"BR-163/PA";"Crescente";"Colisão traseira";0;0;2;0;0;0;0;0;0;0;2;0;0;0;0
"11/02/2025";"13:07:00";"167";"Sem vítima";"228,060";"BR-163/PA";"Crescente";"Colisão traseira";0;0;2;0;0;0;0;0;0;0;2;0;0;0;0
"11/02/2025";"21:45:00";"193";"Com vítima";"912,187";"BR-163/MT";"Crescente";"Colisão transversal";1;0;1;0;0;0;0;0;0;0;1;0;0;1;0
"12/02/2025";"00:00:00";"192";"Com vítima";"929,240";"BR-163/MT";"Crescente";"Saída de pista";1;0;0;0;0;0;0;0;0;0;2;2;0;0;0
"12/02/2025";"04:20:00";"120";"Com vítima";"294,948";"BR-163/PA";"Crescente";"Colisão lateral no mesmo sentido";1;0;1;0;0;0;0;0;0;0;6;2;0;0;0
"12/02/2025";"06:50:00";"129";"Sem vítima";"106,880";"BR-163/PA";"Crescente";"Tombamento";0;0;2;0;0;0;0;0;0;0;2;0;0;0;0
"12/02/2025";"09:08:00";"145";"Sem vítima";"1050,90";"BR-163/MT";"Decrescente";"Saída de pista";0;0;1;0;0;0;0;0;0;0;1;0;0;0;0
"12/02/2025";"14:20:00";"176";"Com vítima";"447,605";"BR-163/PA";"Crescente";"Tombamento";0;0;1;0;0;0;0;0;0;0;0;1;0;0;0
"12/02/2025";"18:35:00";"195";"Com vítima";"299,098";"BR-163/PA";"Decrescente";"Colisão frontal";0;0;1;1;0;0;0;0;0;0;0;1;0;0;1
"13/02/2025";"03:37:00";"104";"Com vítima";"347,553";"BR-163/PA";"Decrescente";"Tombamento";0;0;1;0;0;0;0;0;0;0;0;1;0;0;0
"13/02/2025";"04:44:00";"125";"Sem vítima";"955,030";"BR-163/MT";"Crescente";"Saída de pista";1;0;0;0;0;0;0;0;0;0;3;0;0;0;0
"13/02/2025";"09:59:00";"158";"Sem vítima";"667,300";"BR-163/PA";"Crescente";"Tombamento";0;0;1;0;0;0;0;0;0;0;1;0;0;0;0
"14/02/2025";"10:54:00";"172";"Sem vítima";"170,990";"BR-163/PA";"Crescente";"Colisão lateral no mesmo sentido";0;0;2;0;0;0;0;0;0;0;3;0;0;0;0
"14/02/2025";"11:32:00";"174";"Com vítima";"500,385";"BR-163/PA";"Crescente";"Colisão traseira";0;0;2;0;0;0;0;0;0;0;2;2;0;2;0
"14/02/2025";"13:33:00";"184";"Sem vítima";"876,660";"BR-163/MT";"Decrescente";"Colisão traseira";1;0;1;0;0;0;0;0;0;0;5;0;0;0;0
"14/02/2025";"17:27:00";"195";"Sem vítima";"930,192";"BR-163/MT";"Crescente";"Saída de pista";0;0;1;0;0;0;0;0;0;0;2;0;0;0;0
"14/02/2025";"17:36:00";"201";"Sem vítima";"934,259";"BR-163/MT";"Decrescente";"Colisão lateral no mesmo sentido";1;0;0;0;1;0;0;0;0;0;2;0;0;0;0
"14/02/2025";"21:10:00";"204";"Com vítima";"561,841";"BR-163/PA";"Crescente";"Colisão lateral no mesmo sentido";0;0;0;1;0;0;0;0;0;0;0;3;0;0;3
"15/02/2025";"00:59:00";"37";"Sem vítima";"1021,72";"BR-163/MT";"Decrescente";"Saída de pista";1;0;0;0;0;0;0;0;0;0;2;0;0;0;0
"15/02/2025";"12:55:00";"144";"Com vítima";"1123,02";"BR-230/PA";"Decrescente";"Colisão frontal";0;0;2;0;0;0;0;0;0;1;3;1;0;0;0
"15/02/2025";"13:13:00";"145";"Com vítima";"1111,25";"BR-163/MT";"Decrescente";"Capotamento";0;0;1;0;0;0;0;0;0;0;0;0;0;0;1
"15/02/2025";"23:09:00";"194";"Sem vítima";"176,356";"BR-163/PA";"Crescente";"Colisão lateral no mesmo sentido";0;0;2;0;0;0;0;0;0;0;2;0;0;0;0
"16/02/2025";"01:38:00";"24";"Com vítima";"189,829";"BR-163/PA";"Crescente";"Capotamento";0;0;0;0;0;0;0;0;0;1;0;1;0;0;0
"16/02/2025";"03:43:00";"31";"Sem vítima";"587,145";"BR-163/PA";"Crescente";"Tombamento";0;0;1;0;0;0;0;0;0;0;1;0;0;0;0
"16/02/2025";"07:00:00";"58";"Sem vítima";"658,300";"BR-163/PA";"Decrescente";"Saída de pista";0;0;0;0;0;0;0;0;0;1;1;0;0;0;0
"16/02/2025";"14:58:00";"111";"Com vítima";"159,353";"BR-163/PA";"Crescente";"Colisão transversal";1;0;1;0;0;0;0;0;0;0;1;1;0;0;0
"16/02/2025";"15:29:00";"114";"Com vítima";"572,017";"BR-163/PA";"Crescente";"Capotamento";0;0;1;0;0;0;0;0;0;1;6;0;1;1;0
"16/02/2025";"15:48:00";"118";"Sem vítima";"1103,20";"BR-163/MT";"Decrescente";"Colisão lateral no mesmo sentido";0;0;2;0;0;0;0;0;0;0;2;0;0;0;0
"16/02/2025";"22:11:00";"143";"Com vítima";"320,014";"BR-163/PA";"Crescente";"Queda de moto";0;0;0;1;0;0;0;0;0;0;0;1;0;0;0
"16/02/2025";"22:42:00";"146";"Com vítima";"1124,83";"BR-230/PA";"Crescente";"Tombamento";0;0;1;0;0;0;0;0;0;0;1;1;0;0;0
"16/02/2025";"23:32:00";"148";"Com vítima";"311,138";"BR-163/PA";"Decrescente";"Queda de moto";0;0;0;1;0;0;0;0;0;0;0;1;0;0;0
"17/02/2025";"05:21:00";"110";"Sem vítima";"1013,10";"BR-163/MT";"Decrescente";"Colisão lateral no mesmo sentido";1;0;0;0;0;0;0;0;0;0;1;0;0;0;0
"17/02/2025";"10:57:00";"152";"Sem vítima";"1029,03";"BR-163/MT";"Decrescente";"Colisão transversal";0;0;0;0;0;0;0;0;0;2;2;0;0;0;0
"17/02/2025";"11:42:00";"154";"Com vítima";"151,630";"BR-163/PA";"Crescente";"Saída de pista";0;0;1;0;0;0;0;0;0;0;0;2;0;0;0
"17/02/2025";"15:23:00";"174";"Sem vítima";"1066,07";"BR-163/MT";"Crescente";"Colisão frontal";1;0;0;0;0;0;0;0;0;1;2;0;0;0;0
"17/02/2025";"16:14:00";"181";"Com vítima";"449,900";"BR-163/PA";"Decrescente";"Tombamento";0;0;1;0;0;0;0;0;0;0;0;1;0;0;0
"17/02/2025";"16:59:00";"184";"Sem vítima";"1097,28";"BR-230/PA";"Crescente";"Tombamento";0;0;1;0;0;0;0;0;0;0;1;0;0;0;0
"17/02/2025";"21:30:00";"203";"Com vítima";"652,520";"BR-163/PA";"Crescente";"Tombamento";0;0;1;0;0;0;0;0;0;0;0;0;1;0;0
"18/02/2025";"02:42:00";"33";"Sem vítima";"446,680";"BR-163/PA";"Crescente";"Tombamento";0;0;1;0;0;0;0;0;0;0;1;0;0;0;0
"18/02/2025";"07:13:00";"130";"Sem vítima";"1049,54";"BR-163/MT";"Decrescente";"Colisão lateral no mesmo sentido";1;0;1;0;0;0;0;0;0;0;2;0;0;0;0
"18/02/2025";"07:57:00";"136";"Sem vítima";"1024,80";"BR-163/MT";"Decrescente";"Engavetamento";0;0;2;0;0;0;0;0;0;1;4;0;0;0;0