data;horario;n_da_ocorrencia;tipo_de_ocorrencia;km;trecho;sentido;tipo_de_acidente;automovel;bicicleta;caminhao;moto;onibus;outros;tracao_animal;transporte_de_cargas_especiais;trator_maquinas;utilitarios;ilesos;levemente_feridos;moderadamente_feridos;gravemente_feridos;mortos
"21/03/2025";"00:00:00";"220";"Com vítima";"105,631";"BR-163/PA";"Crescente";"Capotamento";0;0;1;0;0;0;0;0;0;0;0;0;0;0;1
"21/03/2025";"00:54:00";"6";"Sem vítima";"281,020";"BR-163/PA";"Decrescente";"Choque";1;0;0;0;0;0;0;0;0;0;1;0;0;0;0
"21/03/2025";"04:36:00";"113";"Sem vítima";"1120,95";"BR-230/PA";"Decrescente";"Tombamento";0;0;1;0;0;0;0;0;0;0;1;0;0;0;0
"21/03/2025";"09:23:00";"149";"Com vítima";"292,901";"BR-163/PA";"Crescente";"Queda de moto";0;0;0;1;0;0;0;0;0;0;1;1;0;0;0
"21/03/2025";"14:08:00";"189";"Sem vítima";"355,595";"BR-163/PA";"Decrescente";"Saída de pista";0;0;1;0;0;0;0;0;0;0;1;0;0;0;0
"21/03/2025";"16:19:00";"200";"Sem vítima";"1023,07";"BR-163/MT";"Crescente";"Colisão lateral no mesmo sentido";0;0;1;0;0;0;0;0;0;2;6;0;0;0;0
"21/03/2025";"17:51:00";"207";"Com vítima";"284,171";"BR-163/PA";"Decrescente";"Colisão frontal";0;0;1;1;0;0;0;0;0;0;1;0;0;1;0
"21/03/2025";"19:30:00";"211";"Sem vítima";"198,814";"BR-163/PA";"Decrescente";"Atropelamento de animal";1;0;0;0;0;0;0;0;0;0;2;0;0;0;0
"22/03/2025";"02:17:00";"18";"Sem vítima";"505,611";"BR-163/PA";"Crescente";"Saída de pista";0;0;1;0;0;0;0;0;0;0;1;0;0;0;0
"22/03/2025";"04:09:00";"55";"Sem vítima";"564,138";"BR-163/PA";"Crescente";"Saída de pista";1;0;0;0;0;0;0;0;0;1;3;0;0;0;0
"22/03/2025";"13:55:00";"125";"Com vítima";"399,397";"BR-163/PA";"Crescente";"Saída de pista";0;0;0;0;0;0;0;0;0;1;1;1;0;0;0
"22/03/2025";"20:33:00";"151";"Com vítima";"1037,20";"BR-163/MT";"Crescente";"Colisão traseira";0;1;0;1;0;0;0;0;0;0;0;1;0;0;0
"23/03/2025";"00:05:00";"1";"Sem vítima";"151,086";"BR-163/PA";"Crescente";"Saída de pista";0;0;1;0;0;0;0;0;0;0;1;0;0;0;0
"23/03/2025";"01:52:00";"26";"Com vítima";"344,272";"BR-163/PA";"Decrescente";"Atropelamento de animal";0;0;0;1;0;0;0;0;0;0;0;0;1;0;0
"23/03/2025";"11:38:00";"88";"Sem vítima";"500,250";"BR-163/PA";"Crescente";"Colisão traseira";0;0;2;0;0;0;0;0;0;0;2;0;0;0;0
"23/03/2025";"20:42:00";"124";"Com vítima";"673,913";"BR-163/PA";"Decrescente";"Atropelamento de pedestre";0;0;0;0;0;0;0;0;0;0;0;0;0;0;1
"23/03/2025";"23:10:00";"133";"Com vítima";"1113,20";"BR-230/PA";"Decrescente";"Tombamento";0;0;1;0;0;0;0;0;0;0;0;1;0;0;0
"24/03/2025";"05:04:00";"96";"Sem vítima";"921,594";"BR-163/MT";"Decrescente";"Atropelamento de animal";1;0;0;0;0;0;0;0;0;0;1;0;0;0;0
"24/03/2025";"05:43:00";"120";"Sem vítima";"921,605";"BR-163/MT";"Decrescente";"Atropelamento de animal";1;0;0;0;0;0;0;0;0;0;1;0;0;0;0
"24/03/2025";"06:17:00";"122";"Sem vítima";"897,130";"BR-163/MT";"Crescente";"Choque";1;0;0;0;0;0;0;0;0;1;2;0;0;0;0
"24/03/2025";"19:36:00";"217";"Com vítima";"1066,66";"BR-163/MT";"Decrescente";"Colisão frontal";0;0;0;2;0;0;0;0;0;0;0;2;0;0;0
"25/03/2025";"04:22:00";"124";"Sem vítima";"310,235";"BR-163/PA";"Decrescente";"Choque";0;0;0;0;0;0;0;0;0;1;1;0;0;0;0
"25/03/2025";"09:18:00";"160";"Sem vítima";"139,711";"BR-163/PA";"Crescente";"Tombamento";0;0;1;0;0;0;0;0;0;0;1;0;0;0;0
"25/03/2025";"13:18:00";"198";"Sem vítima";"42,969";"BR-163/PA";"Crescente";"Tombamento";0;0;1;0;0;0;0;0;0;0;1;0;0;0;0
"26/03/2025";"00:00:00";"167";"Sem vítima";"326,126";"BR-163/PA";"Crescente";"Saída de pista";0;0;0;0;0;0;0;0;0;1;1;0;0;0;0
"26/03/2025";"11:08:00";"159";"Com vítima";"423,527";"BR-163/PA";"Decrescente";"Carreta deu L";0;0;1;0;0;0;0;0;0;0;1;1;0;0;0
"26/03/2025";"12:33:00";"166";"Sem vítima";"464,968";"BR-163/PA";"Decrescente";"Colisão traseira";0;0;2;0;0;0;0;0;0;0;2;0;0;0;0
"26/03/2025";"13:05:00";"168";"Com vítima";"119,105";"BR-163/PA";"Decrescente";"Colisão traseira";0;0;2;0;0;0;0;0;0;0;2;0;2;0;0
"26/03/2025";"14:05:00";"178";"Sem vítima";"379,207";"BR-163/PA";"Crescente";"Tombamento";0;0;1;0;0;0;0;0;0;0;2;0;0;0;0
"26/03/2025";"14:15:00";"179";"Sem vítima";"982,959";"BR-163/MT";"Crescente";"Colisão lateral no mesmo sentido";0;0;1;0;0;0;0;0;0;1;3;0;0;0;0
"26/03/2025";"15:28:00";"183";"Sem vítima";"674,150";"BR-163/PA";"Crescente";"Colisão transversal";0;0;2;0;0;0;0;0;0;0;4;0;0;0;0
"26/03/2025";"22:23:00";"212";"Sem vítima";"591,124";"BR-163/PA";"Crescente";"Saída de pista";0;0;0;0;0;0;0;0;0;1;1;0;0;0;0
"27/03/2025";"01:01:00";"15";"Sem vítima";"665,597";"BR-163/PA";"Decrescente";"Atropelamento de animal";0;0;0;0;0;0;0;0;0;1;1;0;0;0;0
"27/03/2025";"06:06:00";"135";"Com vítima";"158,100";"BR-163/PA";"Decrescente";"Colisão traseira";0;0;0;1;0;0;0;0;0;1;1;1;0;0;0
"27/03/2025";"07:11:00";"142";"Com vítima";"1055,04";"BR-163/MT";"Crescente";"Capotamento";1;0;0;0;0;0;0;0;0;0;0;1;0;0;0
"27/03/2025";"09:10:00";"159";"Sem vítima";"104,202";"BR-163/PA";"Crescente";"Choque";0;0;1;0;0;0;0;0;0;0;1;0;0;0;0
"27/03/2025";"16:47:00";"198";"Com vítima";"167,682";"BR-163/PA";"Crescente";"Colisão frontal";0;0;1;1;0;0;0;0;0;0;1;0;0;0;1
"27/03/2025";"19:33:00";"208";"Sem vítima";"1115,08";"BR-230/PA";"Decrescente";"Engavetamento";0;0;2;0;0;0;0;0;0;0;2;0;0;0;0
"28/03/2025";"14:07:00";"170";"Sem vítima";"617,889";"BR-163/PA";"Crescente";"Tombamento";0;0;1;0;0;0;0;0;0;0;1;0;0;0;0
"28/03/2025";"16:27:00";"179";"Com vítima";"239,174";"BR-163/PA";"Decrescente";"Queda de moto";0;0;0;1;0;0;0;0;0;0;0;0;1;0;0
"28/03/2025";"17:14:00";"190";"Sem vítima";"981,500";"BR-163/MT";"Crescente";"Choque";0;0;1;0;0;0;0;0;0;0;1;0;0;0;0
"28/03/2025";"17:25:00";"191";"Sem vítima";"854,800";"BR-163/MT";"Crescente";"Colisão traseira";2;0;0;0;0;0;0;0;0;0;3;0;0;0;0
"28/03/2025";"17:59:00";"194";"Sem vítima";"864,340";"BR-163/MT";"Decrescente";"Saída de pista";0;0;1;0;0;0;0;0;0;0;1;0;0;0;0
"28/03/2025";"19:03:00";"200";"Com vítima";"1040,83";"BR-163/MT";"Decrescente";"Colisão traseira";1;0;0;1;0;0;0;0;0;0;2;1;0;0;0
"28/03/2025";"22:29:00";"219";"Com vítima";"263,375";"BR-163/PA";"Crescente";"Tombamento";0;0;1;0;0;0;0;0;0;0;0;1;0;0;0
"29/03/2025";"00:00:00";"167";"Sem vítima";"151,249";"BR-163/PA";"Crescente";"Tombamento";0;0;1;0;0;0;0;0;0;0;1;0;0;0;0
"29/03/2025";"15:51:00";"152";"Sem vítima";"477,090";"BR-163/PA";"Decrescente";"Colisão traseira";0;0;1;0;0;0;0;0;0;0;1;0;0;0;0
"29/03/2025";"17:24:00";"162";"Sem vítima";"1102,15";"BR-163/MT";"Crescente";"Tombamento";0;0;1;0;0;0;0;0;0;0;1;0;0;0;0
"29/03/2025";"18:57:00";"169";"Com vítima";"257,378";"BR-163/PA";"Crescente";"Queda de moto";0;0;0;1;0;0;0;0;0;0;1;1;0;0;0
"30/03/2025";"00:00:00";"34";"Sem vítima";"310,034";"BR-163/PA";"Crescente";"Saída de pista";1;0;0;0;0;0;0;0;0;0;1;0;0;0;0
"30/03/2025";"03:17:00";"36";"Com vítima";"589,848";"BR-163/PA";"Crescente";"Queda de moto";0;0;0;1;0;0;0;0;0;0;0;0;1;0;0
"30/03/2025";"05:40:00";"41";"Sem vítima";"1126,20";"BR-230/PA";"Decrescente";"Saída de pista";0;0;1;0;0;0;0;0;0;0;1;0;0;0;0
"30/03/2025";"07:33:00";"56";"Sem vítima";"1085,90";"BR-163/MT";"Crescente";"Colisão transversal";0;0;1;0;0;0;0;0;0;1;3;0;0;0;0
"30/03/2025";"09:48:00";"70";"Sem vítima";"41,420";"BR-163/PA";"Decrescente";"Tombamento";0;0;1;0;0;0;0;0;0;0;1;0;0;0;0
"30/03/2025";"16:53:00";"90";"Com vítima";"390,091";"BR-163/PA";"Crescente";"Saída de pista";1;0;0;0;0;0;0;0;0;0;0;1;0;0;0
"30/03/2025";"18:58:00";"95";"Sem vítima";"72,100";"BR-163/PA";"Decrescente";"Tombamento";0;0;1;0;0;0;0;0;0;0;1;0;0;0;0
"30/03/2025";"20:48:00";"102";"Sem vítima";"1072,60";"BR-163/MT";"Decrescente";"Saída de pista";1;0;0;0;0;0;0;0;0;0;4;0;0;0;0
"30/03/2025";"21:06:00";"103";"Com vítima";"319,200";"BR-163/PA";"Crescente";"Colisão frontal";0;0;1;0;0;0;0;0;0;1;1;1;0;0;0
"31/03/2025";"07:35:00";"141";"Com vítima";"448,515";"BR-163/PA";"Decrescente";"Colisão traseira";0;0;1;0;0;0;0;0;0;1;4;3;0;0;0
"31/03/2025";"10:21:00";"158";"Sem vítima";"900,472";"BR-163/MT";"Decrescente";"Saída de pista";0;0;1;0;0;0;0;0;0;0;1;0;0;0;0
"31/03/2025";"13:31:00";"188";"Sem vítima";"376,645";"BR-163/PA";"Crescente";"Colisão traseira";0;0;2;0;0;0;0;0;0;0;3;0;0;0;0
"31/03/2025";"18:55:00";"214";"Sem vítima";"872,190";"BR-163/MT";"Decrescente";"Colisão traseira";0;0;0;0;0;0;0;0;0;1;2;0;0;0;0
"01/04/2025";"02:13:00";"30";"Sem vítima";"447,090";"BR-163/PA";"Crescente";"Tombamento";0;0;1;0;0;0;0;0;0;0;1;0;0;0;0
"01/04/2025";"15:59:00";"170";"Sem vítima";"672,100";"BR-163/PA";"Crescente";"Colisão lateral no mesmo sentido";0;0;2;0;0;0;0;0;0;0;2;0;0;0;0
"02/04/2025";"03:12:00";"128";"Com vítima";"589,884";"BR-163/PA";"Decrescente";"Tombamento";0;0;1;0;0;0;0;0;0;0;0;1;0;0;0
"02/04/2025";"04:20:00";"129";"Com vítima";"513,500";"BR-163/PA";"Crescente";"Colisão lateral no mesmo sentido";0;0;2;0;0;0;0;0;0;0;0;1;1;0;0
"02/04/2025";"12:44:00";"168";"Sem vítima";"447,125";"BR-163/PA";"Crescente";"Saída de pista";0;0;1;0;0;0;0;0;0;0;1;0;0;0;0
"02/04/2025";"13:41:00";"173";"Sem vítima";"82,286";"BR-163/PA";"Crescente";"Tombamento";0;0;1;0;0;0;0;0;0;0;1;0;0;0;0
"03/04/2025";"03:12:00";"111";"Sem vítima";"610,642";"BR-163/PA";"Crescente";"Tombamento";0;0;1;0;0;0;0;0;0;0;1;0;0;0;0
"03/04/2025";"10:33:00";"155";"Com vítima";"410,439";"BR-163/PA";"Crescente";"Colisão transversal";0;0;0;1;0;0;0;0;0;0;0;1;0;0;0
"03/04/2025";"13:25:00";"173";"Sem vítima";"657,924";"BR-163/PA";"Crescente";"Colisão traseira";0;0;2;0;0;0;0;0;0;0;2;0;0;0;0
"03/04/2025";"18:56:00";"193";"Com vítima";"312,474";"BR-163/PA";"Crescente";"Queda de moto";0;0;0;1;0;0;0;0;0;0;0;1;0;0;0
"03/04/2025";"20:01:00";"198";"Com vítima";"1099,03";"BR-230/PA";"Crescente";"Tombamento";0;0;1;0;0;0;0;0;0;0;1;1;0;0;0
"03/04/2025";"20:08:00";"199";"Sem vítima";"435,907";"BR-163/PA";"Crescente";"Tombamento";0;0;1;0;0;0;0;0;0;0;1;0;0;0;0
"03/04/2025";"22:29:00";"206";"Sem vítima";"1122,95";"BR-230/PA";"Crescente";"Tombamento";0;0;1;0;0;0;0;0;0;0;1;0;0;0;0
"03/04/2025";"23:41:00";"210";"Sem vítima";"420,022";"BR-163/PA";"Decrescente";"Tombamento";0;0;1;0;0;0;0;0;0;0;1;0;0;0;0
"04/04/2025";"15:55:00";"207";"Sem vítima";"1128,68";"BR-230/PA";"Crescente";"Engavetamento";1;0;1;0;0;0;0;0;0;0;2;0;0;0;0
"05/04/2025";"01:52:00";"78";"Sem vítima";"516,480";"BR-163/PA";"Crescente";"Tombamento";0;0;1;0;0;0;0;0;0;0;1;0;0;0;0
"05/04/2025";"04:16:00";"83";"Sem vítima";"66,920";"BR-163/PA";"Crescente";"Tombamento";0;0;1;0;0;0;0;0;0;0;1;0;0;0;0
"05/04/2025";"12:29:00";"115";"Sem vítima";"672,796";"BR-163/PA";"Crescente";"Colisão traseira";0;0;1;0;0;0;0;0;0;0;1;0;0;0;0
"05/04/2025";"19:16:00";"142";"Sem vítima";"288,525";"BR-163/PA";"Decrescente";"Saída de pista";0;0;1;0;0;0;0;0;0;0;1;0;0;0;0
"06/04/2025";"01:35:00";"24";"Sem vítima";"617,822";"BR-163/PA";"Crescente";"Tombamento";0;0;1;0;0;0;0;0;0;0;1;0;0;0;0
"06/04/2025";"16:01:00";"109";"Sem vítima";"594,287";"BR-163/PA";"Crescente";"Colisão lateral no mesmo sentido";0;0;2;0;0;0;0;0;0;0;3;0;0;0;0
"06/04/2025";"20:08:00";"135";"Com vítima";"1037,60";"BR-163/MT";"Crescente";"Colisão traseira";0;0;0;1;0;0;0;0;0;0;0;2;0;0;0
"07/04/2025";"03:09:00";"123";"Sem vítima";"1127,44";"BR-230/PA";"Crescente";"Choque";0;0;0;0;0;0;0;0;0;1;1;0;0;0;0
"07/04/2025";"07:45:00";"141";"Com vítima";"1066,73";"BR-163/MT";"Crescente";"Colisão frontal";1;0;1;0;0;0;0;0;0;0;1;1;0;0;0
"07/04/2025";"16:49:00";"195";"Com vítima";"309,374";"BR-163/PA";"Decrescente";"Colisão traseira";0;0;1;1;0;0;0;0;0;0;2;2;0;0;0
"08/04/2025";"22:48:00";"237";"Sem vítima";"855,115";"BR-163/MT";"Decrescente";"Saída de pista";0;0;0;1;0;0;0;0;0;0;2;0;0;0;0
"09/04/2025";"20:15:00";"212";"Sem vítima";"984,126";"BR-163/MT";"Crescente";"Colisão traseira";1;0;0;0;0;0;0;0;0;0;2;0;0;0;0
"09/04/2025";"21:39:00";"218";"Com vítima";"946,833";"BR-163/MT";"Decrescente";"Colisão traseira";0;0;1;0;0;0;0;0;0;1;1;1;0;0;0
"09/04/2025";"22:35:00";"219";"Sem vítima";"1005,23";"BR-163/MT";"Crescente";"Queda de moto";0;0;0;1;0;0;0;0;0;0;2;0;0;0;0
"10/04/2025";"09:14:00";"166";"Sem vítima";"392,071";"BR-163/PA";"Crescente";"Colisão traseira";0;0;2;0;0;0;0;0;0;0;4;0;0;0;0
"10/04/2025";"20:31:00";"234";"Com vítima";"392,917";"BR-163/PA";"Crescente";"Colisão frontal";0;0;1;0;0;0;0;0;0;2;2;0;0;0;1
"10/04/2025";"22:34:00";"236";"Com vítima";"1030,47";"BR-163/MT";"Crescente";"Colisão traseira";0;0;0;1;0;0;0;0;0;0;0;1;0;0;0
"11/04/2025";"00:00:00";"165";"Sem vítima";"1049,79";"BR-163/MT";"Decrescente";"Saída de pista";0;0;0;0;1;0;0;0;0;0;5;0;0;0;0
"11/04/2025";"05:44:00";"127";"Com vítima";"621,050";"BR-163/PA";"Crescente";"Colisão lateral no mesmo sentido";0;0;1;1;0;0;0;0;0;0;1;1;0;0;0
"11/04/2025";"08:38:00";"140";"Sem vítima";"490,455";"BR-163/PA";"Crescente";"Capotamento";0;0;0;0;0;0;0;0;0;1;1;0;0;0;0
"11/04/2025";"15:27:00";"172";"Sem vítima";"181,140";"BR-163/PA";"Crescente";"Tombamento";0;0;1;0;0;0;0;0;0;0;1;0;0;0;0
"11/04/2025";"19:17:00";"190";"Com vítima";"287,100";"BR-163/PA";"Crescente";"Colisão lateral no mesmo sentido";0;0;1;1;0;0;0;0;0;0;1;1;0;0;0
"11/04/2025";"20:24:00";"195";"Sem vítima";"314,928";"BR-163/PA";"Decrescente";"Choque";1;0;0;0;0;0;0;0;0;0;2;0;0;0;0
"11/04/2025";"21:18:00";"197";"Sem vítima";"272,114";"BR-163/PA";"Crescente";"Tombamento";0;0;1;0;0;0;0;0;0;0;1;0;0;0;0
"11/04/2025";"23:01:00";"203";"Com vítima";"640,040";"BR-163/PA";"Decrescente";"Atropelamento de animal";1;0;0;0;0;0;0;0;0;0;0;6;0;0;0
"12/04/2025";"12:54:00";"120";"Sem vítima";"1111,34";"BR-163/MT";"Crescente";"Colisão transversal";0;0;2;0;0;0;0;0;0;1;4;0;0;0;0
"12/04/2025";"14:09:00";"126";"Com vítima";"1103,36";"BR-163/MT";"Decrescente";"Choque";0;0;1;0;0;0;0;0;0;0;0;0;0;1;0
"13/04/2025";"01:31:00";"37";"Sem vítima";"44,415";"BR-163/PA";"Crescente";"Saída de pista";0;0;1;0;0;0;0;0;0;0;1;0;0;0;0
"13/04/2025";"03:27:00";"43";"Com vítima";"167,149";"BR-163/PA";"Crescente";"Queda de moto";0;0;0;1;0;0;0;0;0;0;0;1;0;0;0
"13/04/2025";"04:28:00";"44";"Sem vítima";"434,986";"BR-163/PA";"Decrescente";"Tombamento";0;0;1;0;0;0;0;0;0;0;2;0;0;0;0
"13/04/2025";"04:41:00";"45";"Com vítima";"1036,43";"BR-163/MT";"Decrescente";"Colisão traseira";0;1;0;1;0;0;0;0;0;0;0;1;0;0;0
"14/04/2025";"12:30:00";"187";"Com vítima";"377,206";"BR-163/PA";"Crescente";"Colisão frontal";0;0;3;0;0;0;0;0;0;0;0;1;0;0;2
"14/04/2025";"20:43:00";"215";"Com vítima";"178,393";"BR-163/PA";"Decrescente";"Tombamento";0;0;1;0;0;0;0;0;0;0;0;1;0;0;0
"15/04/2025";"15:29:00";"189";"Com vítima";"1116,92";"BR-230/PA";"Decrescente";"Tombamento";0;0;1;0;0;0;0;0;0;0;0;0;1;0;0
"15/04/2025";"16:00:00";"191";"Sem vítima";"889,607";"BR-163/MT";"Crescente";"Colisão transversal";0;0;2;0;0;0;0;0;0;0;3;0;0;0;0
"15/04/2025";"16:18:00";"193";"Sem vítima";"862,263";"BR-163/MT";"Crescente";"Saída de pista";0;0;0;0;0;0;0;0;0;1;1;0;0;0;0
"15/04/2025";"16:31:00";"197";"Sem vítima";"79,169";"BR-163/PA";"Decrescente";"Saída de pista";0;0;0;0;0;0;0;0;0;1;2;0;0;0;0
"16/04/2025";"01:43:00";"113";"Sem vítima";"1000,14";"BR-163/MT";"Crescente";"Saída de pista";0;0;1;0;0;0;0;0;0;0;1;0;0;0;0
"16/04/2025";"07:00:00";"148";"Com vítima";"316,500";"BR-163/PA";"Decrescente";"Colisão traseira";1;0;0;1;0;0;0;0;0;0;1;1;0;0;0
"16/04/2025";"07:28:00";"151";"Sem vítima";"377,391";"BR-163/PA";"Crescente";"Tombamento";0;0;1;0;0;0;0;0;0;0;2;0;0;0;0
"16/04/2025";"09:39:00";"168";"Com vítima";"300,773";"BR-163/PA";"Crescente";"Tombamento";0;0;0;0;0;0;0;0;0;1;0;1;0;0;0
"16/04/2025";"17:09:00";"208";"Sem vítima";"1110,32";"BR-163/MT";"Decrescente";"Choque";0;0;2;0;0;0;0;0;0;0;4;0;0;0;0
"16/04/2025";"20:42:00";"221";"Com vítima";"1118,05";"BR-230/PA";"Crescente";"Choque";0;0;0;0;0;0;0;0;0;1;0;1;0;0;0
"17/04/2025";"00:00:00";"178";"Com vítima";"503,480";"BR-163/PA";"Crescente";"Colisão transversal";0;0;2;0;0;0;0;0;0;0;0;0;1;1;0
"17/04/2025";"13:43:00";"179";"Com vítima";"217,950";"BR-163/PA";"Crescente";"Tombamento";0;0;1;0;0;0;0;0;0;0;0;1;0;0;0
"17/04/2025";"23:43:00";"216";"Com vítima";"1061,53";"BR-163/MT";"Decrescente";"Colisão frontal";2;0;0;0;0;0;0;0;0;0;0;3;0;0;0
"18/04/2025";"04:50:00";"49";"Sem vítima";"240,048";"BR-163/PA";"Crescente";"Tombamento";0;0;1;0;0;0;0;0;0;0;1;0;0;0;0
"18/04/2025";"05:29:00";"50";"Com vítima";"911,812";"BR-163/MT";"Crescente";"Capotamento";1;0;0;0;0;0;0;0;0;0;2;2;0;0;0
"18/04/2025";"07:15:00";"80";"Com vítima";"104,138";"BR-163/PA";"Decrescente";"Choque";0;0;0;1;0;0;0;0;0;0;0;1;0;0;0
"18/04/2025";"10:17:00";"105";"Com vítima";"125,859";"BR-163/PA";"Crescente";"Capotamento";1;0;0;0;0;0;0;0;0;0;0;1;0;0;0
"18/04/2025";"12:02:00";"113";"Sem vítima";"962,861";"BR-163/MT";"Crescente";"Colisão traseira";1;0;1;0;0;0;0;0;0;0;6;0;0;0;0
"18/04/2025";"13:12:00";"119";"Sem vítima";"892,117";"BR-163/MT";"Crescente";"Tombamento";0;0;1;0;0;0;0;0;0;0;1;0;0;0;0
"18/04/2025";"22:38:00";"148";"Sem vítima";"928,165";"BR-163/MT";"Crescente";"Tombamento";0;0;1;0;0;0;0;0;0;0;1;0;0;0;0
"19/04/2025";"04:42:00";"40";"Sem vítima";"931,284";"BR-163/MT";"Decrescente";"Engavetamento";1;0;1;0;0;0;0;0;0;1;5;0;0;0;0
"19/04/2025";"08:10:00";"62";"Sem vítima";"962,134";"BR-163/MT";"Crescente";"Tombamento";0;0;1;0;0;0;0;0;0;0;1;0;0;0;0
"19/04/2025";"12:16:00";"82";"Com vítima";"300,852";"BR-163/PA";"Decrescente";"Queda de moto";0;0;0;1;0;0;0;0;0;0;0;2;0;0;0
"19/04/2025";"16:03:00";"101";"Sem vítima";"938,893";"BR-163/MT";"Crescente";"Colisão transversal";1;0;0;0;0;0;0;0;0;1;4;0;0;0;0
"19/04/2025";"16:18:00";"104";"Sem vítima";"454,718";"BR-163/PA";"Crescente";"Tombamento";0;0;1;0;0;0;0;0;0;0;1;0;0;0;0
"19/04/2025";"17:24:00";"107";"Sem vítima";"635,050";"BR-163/PA";"Decrescente";"Colisão traseira";2;0;0;0;0;0;0;0;0;0;2;0;0;0;0
"19/04/2025";"23:44:00";"120";"Com vítima";"155,000";"BR-163/PA";"Crescente";"Colisão traseira";1;0;0;1;0;0;0;0;0;0;2;4;0;0;0
"20/04/2025";"07:54:00";"61";"Com vítima";"70,705";"BR-163/PA";"Crescente";"Queda de moto";0;0;0;1;0;0;0;0;0;0;0;0;1;0;0
"20/04/2025";"08:41:00";"64";"Com vítima";"639,116";"BR-163/PA";"Crescente";"Colisão traseira";0;0;2;0;0;0;0;0;0;0;0;2;0;0;0
"20/04/2025";"09:14:00";"68";"Com vítima";"984,611";"BR-163/MT";"Crescente";"Queda de moto";0;0;0;1;0;0;0;0;0;0;0;2;0;0;0
"20/04/2025";"09:53:00";"70";"Sem vítima";"612,100";"BR-163/PA";"Crescente";"Colisão lateral no mesmo sentido";0;0;2;0;0;0;0;0;0;0;2;0;0;0;0
"20/04/2025";"11:37:00";"74";"Sem vítima";"636,010";"BR-163/PA";"Decrescente";"Colisão traseira";0;0;1;0;0;0;0;0;0;0;1;0;0;0;0
"20/04/2025";"12:53:00";"76";"Com vítima";"393,333";"BR-163/PA";"Crescente";"Saída de pista";0;0;0;0;0;0;0;0;0;1;1;2;0;0;0
"20/04/2025";"13:08:00";"77";"Sem vítima";"859,500";"BR-163/MT";"Decrescente";"Saída de pista";1;0;0;0;0;0;0;0;0;0;1;0;0;0;0
"20/04/2025";"14:03:00";"81";"Com vítima";"206,414";"BR-163/PA";"Crescente";"Choque";1;0;0;0;0;0;0;0;0;0;0;1;0;0;0
"20/04/2025";"16:55:00";"96";"Sem vítima";"92,966";"BR-163/PA";"Decrescente";"Saída de pista";0;0;1;0;0;0;0;0;0;0;1;0;0;0;0
"20/04/2025";"18:10:00";"99";"Com vítima";"962,705";"BR-163/MT";"Crescente";"Queda de moto";0;0;0;1;0;0;0;0;0;0;0;1;0;0;0
"21/04/2025";"00:00:00";"137";"Sem vítima";"376,210";"BR-163/PA";"Crescente";"Atropelamento de animal";1;0;0;0;0;0;0;0;0;0;6;0;0;0;0
"21/04/2025";"02:55:00";"71";"Com vítima";"1062,54";"BR-163/MT";"Crescente";"Colisão traseira";1;0;0;0;0;0;0;0;0;1;1;2;0;0;0
"21/04/2025";"14:25:00";"112";"Sem vítima";"953,312";"BR-163/MT";"Decrescente";"Atropelamento de animal";1;0;0;0;0;0;0;0;0;0;3;0;0;0;0
"22/04/2025";"08:09:00";"154";"Com vítima";"1113,09";"BR-230/PA";"Decrescente";"Queda de moto";0;0;0;1;0;0;0;0;0;0;0;0;0;0;1
"22/04/2025";"19:06:00";"218";"Sem vítima";"1018,22";"BR-163/MT";"Decrescente";"Capotamento";1;0;0;0;0;0;0;0;0;0;2;0;0;0;0
"23/04/2025";"06:26:00";"122";"Com vítima";"1,500";"BR-163/PA";"Crescente";"Tombamento";0;0;1;0;0;0;0;0;0;0;0;1;0;0;0
"23/04/2025";"07:06:00";"128";"Com vítima";"323,526";"BR-163/PA";"Crescente";"Tombamento";0;0;1;0;0;0;0;0;0;0;0;1;0;0;0
"23/04/2025";"08:17:00";"135";"Sem vítima";"320,352";"BR-163/PA";"Crescente";"Colisão lateral no mesmo sentido";0;0;1;0;0;0;0;0;1;0;2;0;0;0;0