data;horario;n_da_ocorrencia;tipo_de_ocorrencia;km;trecho;sentido;tipo_de_acidente;automovel;bicicleta;caminhao;moto;onibus;outros;tracao_animal;transporte_de_cargas_especiais;trator_maquinas;utilitarios;ilesos;levemente_feridos;moderadamente_feridos;gravemente_feridos;mortos
"30/10/2025";"19:29:00";"225";"Sem vítima";"316,800";"BR-163/PA";"Crescente";"Tombamento";0;0;1;0;0;0;0;0;0;0;1;0;0;0;0
"31/10/2025";"13:30:00";"171";"Com vítima";"1061,91";"BR-163/MT";"Decrescente";"Capotamento";1;0;0;0;0;0;0;0;0;0;0;4;0;0;0
"01/11/2025";"07:15:00";"89";"Com vítima";"1027,13";"BR-163/MT";"Decrescente";"Capotamento";1;0;0;0;0;0;0;0;0;0;0;1;0;0;0
"01/11/2025";"13:18:00";"133";"Com vítima";"298,738";"BR-163/PA";"Crescente";"Queda de moto";0;0;0;1;0;0;0;0;0;0;1;1;0;0;0
"02/11/2025";"15:05:00";"159";"Com vítima";"183,842";"BR-163/PA";"Decrescente";"Colisão frontal";0;0;1;1;0;0;0;0;0;0;1;1;0;0;0
"02/11/2025";"16:12:00";"167";"Com vítima";"285,907";"BR-163/PA";"Crescente";"Queda de moto";0;0;0;1;0;0;0;0;0;0;0;2;0;0;0
"02/11/2025";"16:41:00";"170";"Com vítima";"379,552";"BR-163/PA";"Decrescente";"Queda de moto";0;0;0;1;0;0;0;0;0;0;0;1;0;0;0
"03/11/2025";"12:12:00";"180";"Com vítima";"866,300";"BR-163/MT";"Crescente";"Queda de moto";0;0;0;1;0;0;0;0;0;0;0;0;1;0;0
"03/11/2025";"17:05:00";"204";"Com vítima";"1112,01";"BR-163/MT";"Decrescente";"Tombamento";0;0;1;0;0;0;0;0;0;0;0;1;0;0;0
"04/11/2025";"02:27:00";"35";"Sem vítima";"434,898";"BR-163/PA";"Crescente";"Tombamento";0;0;1;0;0;0;0;0;0;0;1;0;0;0;0
"05/11/2025";"00:00:00";"176";"Com vítima";"485,157";"BR-163/PA";"Crescente";"Capotamento";0;0;0;0;0;0;0;0;0;1;0;1;0;0;1
"05/11/2025";"07:17:00";"148";"Com vítima";"526,740";"BR-163/PA";"Crescente";"Colisão transversal";1;0;1;0;0;0;0;0;0;0;1;0;0;1;2
"05/11/2025";"16:37:00";"193";"Com vítima";"105,200";"BR-163/PA";"Crescente";"Tombamento";0;0;1;0;0;0;0;0;0;0;0;1;0;0;0
"05/11/2025";"18:07:00";"200";"Sem vítima";"191,166";"BR-163/PA";"Crescente";"Tombamento";0;0;1;0;0;0;0;0;0;0;1;0;0;0;0
"06/11/2025";"19:36:00";"211";"Sem vítima";"922,937";"BR-163/MT";"Crescente";"Atropelamento de animal";1;0;0;0;0;0;0;0;0;0;1;0;0;0;0
"07/11/2025";"07:04:00";"154";"Com vítima";"503,490";"BR-163/PA";"Crescente";"Tombamento";0;0;1;0;0;0;0;0;0;0;0;1;0;0;0
"07/11/2025";"07:12:00";"156";"Sem vítima";"951,586";"BR-163/MT";"Crescente";"Saída de pista";0;0;1;0;0;0;0;0;0;0;1;0;0;0;0
"07/11/2025";"17:38:00";"222";"Com vítima";"313,480";"BR-163/PA";"Decrescente";"Colisão traseira";0;0;2;0;0;0;0;0;0;0;1;1;0;0;0
"07/11/2025";"18:01:00";"223";"Sem vítima";"313,476";"BR-163/PA";"Crescente";"Saída de pista";0;0;0;0;0;0;0;0;0;1;1;0;0;0;0
"08/11/2025";"01:28:00";"31";"Sem vítima";"102,874";"BR-163/PA";"Crescente";"Tombamento";0;0;1;0;0;0;0;0;0;0;1;0;0;0;0
"08/11/2025";"13:41:00";"170";"Sem vítima";"494,400";"BR-163/PA";"Crescente";"Tombamento";0;0;1;0;0;0;0;0;0;0;1;0;0;0;0
"08/11/2025";"15:26:00";"182";"Com vítima";"88,095";"BR-163/PA";"Crescente";"Colisão lateral no mesmo sentido";0;0;2;0;0;0;0;0;0;0;1;0;1;0;0
"09/11/2025";"07:58:00";"74";"Com vítima";"1059,98";"BR-163/MT";"Crescente";"Capotamento";1;0;0;0;0;0;0;0;0;0;0;1;0;0;0
"09/11/2025";"08:32:00";"80";"Com vítima";"1043,54";"BR-163/MT";"Crescente";"Colisão frontal";0;0;1;0;0;0;0;0;0;1;1;0;0;0;1
"09/11/2025";"16:30:00";"124";"Com vítima";"102,698";"BR-163/PA";"Crescente";"Capotamento";1;0;0;0;0;0;0;0;0;0;0;2;0;0;0
"09/11/2025";"18:09:00";"131";"Com vítima";"311,142";"BR-163/PA";"Crescente";"Colisão frontal";0;0;0;1;0;0;0;0;0;1;1;1;0;0;0
"09/11/2025";"18:53:00";"133";"Sem vítima";"1031,20";"BR-163/MT";"Crescente";"Colisão transversal";2;0;0;0;0;0;0;0;0;0;2;0;0;0;0
"09/11/2025";"18:57:00";"135";"Com vítima";"422,296";"BR-163/PA";"Crescente";"Colisão frontal";0;0;1;1;0;0;0;0;0;0;1;0;0;0;1
"09/11/2025";"19:33:00";"134";"Com vítima";"1036,88";"BR-163/MT";"Crescente";"Queda de moto";0;0;0;1;0;0;0;0;0;0;0;1;0;0;0
"10/11/2025";"14:52:00";"217";"Sem vítima";"1067,16";"BR-163/MT";"Decrescente";"Colisão lateral no mesmo sentido";1;0;1;0;0;0;0;0;0;0;2;0;0;0;0
"11/11/2025";"00:00:00";"191";"Sem vítima";"994,383";"BR-163/MT";"Crescente";"Colisão lateral no mesmo sentido";0;0;1;0;0;0;0;0;0;1;2;0;0;0;0
"11/11/2025";"08:06:00";"151";"Sem vítima";"1089,01";"BR-163/MT";"Decrescente";"Colisão traseira";0;0;1;0;0;0;0;0;0;1;2;0;0;0;0
"11/11/2025";"08:59:00";"157";"Com vítima";"947,421";"BR-163/MT";"Decrescente";"Tombamento";1;0;1;0;0;0;0;0;0;2;4;3;0;0;0
"12/11/2025";"03:03:00";"81";"Com vítima";"175,775";"BR-163/PA";"Crescente";"Tombamento";0;0;1;0;0;0;0;0;0;0;0;1;0;0;0
"12/11/2025";"10:27:00";"194";"Sem vítima";"517,908";"BR-163/PA";"Decrescente";"Colisão lateral no mesmo sentido";0;0;2;0;0;0;0;0;0;1;4;0;0;0;0
"12/11/2025";"16:44:00";"255";"Com vítima";"879,702";"BR-163/MT";"Crescente";"Tombamento";0;0;1;0;0;0;0;0;0;0;0;1;0;0;0
"12/11/2025";"18:28:00";"264";"Sem vítima";"1026,41";"BR-163/MT";"Crescente";"Colisão traseira";1;0;1;0;0;0;0;0;0;0;3;0;0;0;0
"12/11/2025";"21:45:00";"287";"Sem vítima";"193,472";"BR-163/PA";"Crescente";"Tombamento";0;0;1;0;0;0;0;0;0;0;1;0;0;0;0
"13/11/2025";"09:44:00";"191";"Com vítima";"1104,27";"BR-163/MT";"Decrescente";"Colisão lateral no mesmo sentido";0;0;3;0;0;0;0;0;0;0;2;1;0;0;0
"14/11/2025";"16:28:00";"254";"Sem vítima";"108,738";"BR-163/PA";"Decrescente";"Colisão lateral no mesmo sentido";0;0;2;0;0;0;0;0;0;0;2;0;0;0;0
"14/11/2025";"21:14:00";"287";"Sem vítima";"1057,13";"BR-163/MT";"Crescente";"Capotamento";1;0;0;0;0;0;0;0;0;0;1;0;0;0;0
"15/11/2025";"02:23:00";"23";"Com vítima";"991,008";"BR-163/MT";"Crescente";"Capotamento";0;0;0;0;0;0;0;0;0;1;0;1;0;0;0
"15/11/2025";"03:41:00";"46";"Sem vítima";"259,522";"BR-163/PA";"Decrescente";"Saída de pista";0;0;1;0;0;0;0;0;0;0;1;0;0;0;0
"15/11/2025";"09:15:00";"134";"Sem vítima";"31,400";"BR-163/PA";"Crescente";"Tombamento";0;0;1;0;0;0;0;0;0;0;1;0;0;0;0
"15/11/2025";"20:14:00";"192";"Com vítima";"399,010";"BR-163/PA";"Crescente";"Choque";0;0;1;1;0;0;0;0;0;0;1;0;1;0;0
"16/11/2025";"15:57:00";"140";"Com vítima";"960,190";"BR-163/MT";"Crescente";"Colisão lateral no mesmo sentido";0;0;3;0;0;0;0;0;0;0;2;2;0;1;0
"16/11/2025";"18:39:00";"148";"Com vítima";"297,119";"BR-163/PA";"Crescente";"Colisão traseira";0;0;0;1;0;0;0;0;0;1;1;1;0;0;0
"16/11/2025";"22:52:00";"165";"Com vítima";"1058,53";"BR-163/MT";"Crescente";"Capotamento";1;0;0;0;0;0;0;0;0;0;0;1;0;0;0
"17/11/2025";"08:16:00";"174";"Com vítima";"572,629";"BR-163/PA";"Crescente";"Colisão frontal";0;0;1;0;0;0;0;0;0;1;1;1;0;0;0
"17/11/2025";"16:02:00";"225";"Com vítima";"1066,72";"BR-163/MT";"Crescente";"Colisão transversal";0;0;0;1;0;0;0;0;0;1;1;1;0;0;0
"17/11/2025";"19:49:00";"244";"Sem vítima";"1029,55";"BR-163/MT";"Crescente";"Colisão lateral no mesmo sentido";1;0;1;0;0;0;0;0;0;0;2;0;0;0;0
"18/11/2025";"06:41:00";"131";"Sem vítima";"210,528";"BR-163/PA";"Crescente";"Tombamento";0;0;1;0;0;0;0;0;0;0;1;0;0;0;0
"18/11/2025";"10:52:00";"158";"Com vítima";"314,155";"BR-163/PA";"Decrescente";"Saída de pista";0;0;0;0;0;0;0;0;0;1;0;2;0;0;0
"18/11/2025";"16:53:00";"182";"Sem vítima";"131,615";"BR-163/PA";"Crescente";"Tombamento";0;0;1;0;0;0;0;0;0;0;1;0;0;0;0
"18/11/2025";"20:04:00";"196";"Sem vítima";"143,136";"BR-163/PA";"Crescente";"Tombamento";0;0;2;0;0;0;0;0;0;0;2;0;0;0;0
"19/11/2025";"00:40:00";"4";"Sem vítima";"1004,62";"BR-163/MT";"Decrescente";"Atropelamento de animal";1;0;0;0;0;0;0;0;0;0;1;0;0;0;0
"19/11/2025";"06:22:00";"135";"Com vítima";"1011,34";"BR-163/MT";"Crescente";"Capotamento";1;0;0;0;0;0;0;0;0;0;0;1;0;0;0
"20/11/2025";"00:00:00";"167";"Com vítima";"108,078";"BR-163/PA";"Decrescente";"Tombamento";0;0;1;0;0;0;0;0;0;0;0;0;1;0;0
"20/11/2025";"10:22:00";"123";"Sem vítima";"635,345";"BR-163/PA";"Crescente";"Colisão traseira";0;0;0;0;0;0;0;0;0;2;2;0;0;0;0
"20/11/2025";"18:46:00";"157";"Com vítima";"895,895";"BR-163/MT";"Decrescente";"Tombamento";0;0;1;0;0;0;0;0;0;0;0;1;0;0;0
"20/11/2025";"18:57:00";"155";"Sem vítima";"565,602";"BR-163/PA";"Crescente";"Colisão lateral no mesmo sentido";1;0;1;0;0;0;0;0;0;0;3;0;0;0;0
"20/11/2025";"19:30:00";"163";"Com vítima";"991,454";"BR-163/MT";"Decrescente";"Saída de pista";1;0;0;0;0;0;0;0;0;0;0;1;0;0;0
"20/11/2025";"21:29:00";"171";"Sem vítima";"297,250";"BR-163/PA";"Crescente";"Atropelamento de animal";1;0;1;0;0;0;0;0;0;0;6;0;0;0;0
"20/11/2025";"22:39:00";"177";"Sem vítima";"107,891";"BR-163/PA";"Crescente";"Choque";0;0;1;0;0;0;0;0;0;0;1;0;0;0;0
"20/11/2025";"23:24:00";"178";"Com vítima";"1059,69";"BR-163/MT";"Crescente";"Colisão frontal";0;0;0;0;0;0;0;0;0;0;0;0;0;0;0
"21/11/2025";"12:18:00";"181";"Com vítima";"884,872";"BR-163/MT";"Crescente";"Tombamento";0;0;1;0;0;0;0;0;0;0;0;1;0;0;0
"21/11/2025";"15:32:00";"213";"Sem vítima";"1051,50";"BR-163/MT";"Crescente";"Tombamento";0;0;1;0;0;0;0;0;0;0;2;0;0;0;0
"21/11/2025";"16:44:00";"219";"Sem vítima";"656,350";"BR-163/PA";"Crescente";"Colisão lateral no mesmo sentido";0;0;2;0;0;0;0;0;0;0;2;0;0;0;0
"22/11/2025";"04:53:00";"87";"Sem vítima";"653,255";"BR-163/PA";"Crescente";"Tombamento";0;0;1;0;0;0;0;0;0;0;1;0;0;0;0
"23/11/2025";"00:00:00";"156";"Sem vítima";"896,922";"BR-163/MT";"Decrescente";"Choque";1;0;1;0;0;0;0;0;0;0;3;0;0;0;0
"23/11/2025";"17:09:00";"168";"Sem vítima";"1054,82";"BR-163/MT";"Crescente";"Saída de pista";1;0;0;0;0;0;0;0;0;0;4;0;0;0;0
"23/11/2025";"19:24:00";"174";"Sem vítima";"149,518";"BR-163/PA";"Decrescente";"Choque";0;0;0;0;0;0;0;0;0;1;1;0;0;0;0
"24/11/2025";"00:20:00";"5";"Com vítima";"1026,22";"BR-163/MT";"Crescente";"Capotamento";1;0;0;0;0;0;0;0;0;0;0;1;0;0;0
"24/11/2025";"05:47:00";"132";"Sem vítima";"513,320";"BR-163/PA";"Crescente";"Tombamento";0;0;1;0;0;0;0;0;0;0;1;0;0;0;0
"24/11/2025";"07:01:00";"138";"Com vítima";"1051,80";"BR-163/MT";"Crescente";"Colisão traseira";0;0;2;0;0;0;0;0;0;0;1;1;0;0;0
"24/11/2025";"12:49:00";"195";"Com vítima";"205,984";"BR-163/PA";"Crescente";"Saída de pista";1;0;1;0;0;0;0;0;0;0;0;2;0;0;0
"24/11/2025";"12:51:00";"196";"Com vítima";"1059,92";"BR-163/MT";"Crescente";"Colisão lateral no mesmo sentido";0;0;1;0;0;0;0;0;0;1;4;0;0;0;2
"24/11/2025";"18:53:00";"221";"Sem vítima";"1110,85";"BR-163/MT";"Crescente";"Atropelamento de animal";0;0;1;0;0;0;0;0;0;0;1;0;0;0;0
"25/11/2025";"18:56:00";"216";"Com vítima";"310,203";"BR-163/PA";"Crescente";"Colisão lateral no mesmo sentido";1;0;0;1;0;0;0;0;0;0;0;1;0;0;0
"25/11/2025";"22:14:00";"228";"Com vítima";"617,108";"BR-163/PA";"Crescente";"Queda de moto";0;0;0;1;0;0;0;0;0;0;0;0;0;0;1
"25/11/2025";"23:26:00";"230";"Com vítima";"1102,46";"BR-163/MT";"Crescente";"Tombamento";0;0;1;0;0;0;0;0;0;0;0;1;0;0;0
"26/11/2025";"00:41:00";"3";"Sem vítima";"600,098";"BR-163/PA";"Crescente";"Colisão lateral no mesmo sentido";0;0;2;0;0;0;0;0;0;0;2;0;0;0;0
"26/11/2025";"11:11:00";"158";"Com vítima";"587,275";"BR-163/PA";"Decrescente";"Queda de moto";0;0;0;1;0;0;0;0;0;0;0;0;1;0;0
"26/11/2025";"16:25:00";"188";"Com vítima";"147,498";"BR-163/PA";"Decrescente";"Colisão traseira";0;0;1;1;0;0;0;0;0;0;1;2;0;0;0
"26/11/2025";"20:01:00";"200";"Sem vítima";"103,119";"BR-163/PA";"Crescente";"Tombamento";0;0;1;0;0;0;0;0;0;0;1;0;0;0;0
"27/11/2025";"08:16:00";"160";"Sem vítima";"1109,74";"BR-163/MT";"Crescente";"Choque";0;0;1;0;0;0;0;0;0;0;1;0;0;0;0
"27/11/2025";"09:40:00";"169";"Com vítima";"1030,94";"BR-163/MT";"Decrescente";"Colisão transversal";0;0;0;1;0;0;0;0;0;1;1;1;0;0;0
"27/11/2025";"16:44:00";"208";"Com vítima";"1102,37";"BR-163/MT";"Crescente";"Colisão traseira";0;0;2;0;0;0;0;0;0;0;1;1;0;0;0
"28/11/2025";"14:51:00";"201";"Com vítima";"652,455";"BR-163/PA";"Crescente";"Tombamento";0;0;1;0;0;0;0;0;0;0;1;1;0;0;0
"29/11/2025";"12:18:00";"128";"Com vítima";"893,577";"BR-163/MT";"Crescente";"Tombamento";0;0;1;0;0;0;0;0;0;0;0;2;0;0;0
"29/11/2025";"15:47:00";"145";"Sem vítima";"897,000";"BR-163/MT";"Decrescente";"Choque";0;0;2;0;0;0;0;0;0;0;2;0;0;0;0
"30/11/2025";"21:37:00";"148";"Sem vítima";"153,445";"BR-163/PA";"Crescente";"Saída de pista";0;0;0;0;0;0;0;0;0;1;0;0;0;0;0
"30/11/2025";"22:24:00";"150";"Com vítima";"950,100";"BR-163/MT";"Decrescente";"Colisão traseira";1;0;0;0;0;0;0;0;0;0;0;1;0;0;0
"30/11/2025";"23:05:00";"152";"Sem vítima";"924,472";"BR-163/MT";"Decrescente";"Atropelamento de animal";0;0;0;0;1;0;0;0;0;0;1;0;0;0;0
"01/12/2025";"10:34:00";"185";"Com vítima";"143,010";"BR-163/PA";"Decrescente";"Choque";0;0;1;0;0;0;0;0;0;0;0;1;0;0;0
"01/12/2025";"17:53:00";"229";"Sem vítima";"360,320";"BR-163/PA";"Decrescente";"Tombamento";0;0;1;0;0;0;0;0;0;0;1;0;0;0;0
"02/12/2025";"00:00:00";"74";"Sem vítima";"14,530";"BR-163/PA";"Crescente";"Tombamento";0;0;1;0;0;0;0;0;0;0;1;0;0;0;0
"02/12/2025";"16:47:00";"208";"Sem vítima";"1028,03";"BR-163/MT";"Crescente";"Colisão traseira";0;0;1;0;0;0;0;0;0;0;1;0;0;0;0
"03/12/2025";"00:25:00";"12";"Sem vítima";"948,650";"BR-163/MT";"Crescente";"Saída de pista";1;0;0;0;0;0;0;0;0;0;1;0;0;0;0
"04/12/2025";"01:51:00";"42";"Sem vítima";"430,002";"BR-163/PA";"Decrescente";"Atropelamento de animal";1;0;0;0;0;0;0;0;0;0;1;0;0;0;0
"04/12/2025";"07:24:00";"123";"Com vítima";"883,680";"BR-163/MT";"Crescente";"Colisão traseira";0;0;2;0;0;0;0;0;0;0;1;0;1;0;0
"04/12/2025";"07:39:00";"127";"Sem vítima";"884,038";"BR-163/MT";"Crescente";"Colisão traseira";0;0;2;0;0;0;0;0;0;0;2;0;0;0;0
"04/12/2025";"12:42:00";"167";"Com vítima";"1055,09";"BR-163/MT";"Crescente";"Saída de pista";0;0;1;0;0;0;0;0;0;0;0;1;0;0;0
"04/12/2025";"16:57:00";"182";"Sem vítima";"897,000";"BR-163/MT";"Decrescente";"Choque";0;0;1;0;0;0;0;0;0;1;7;0;0;0;0
"04/12/2025";"19:58:00";"192";"Com vítima";"64,230";"BR-163/PA";"Decrescente";"Colisão traseira";0;0;2;0;0;0;0;0;0;0;1;1;0;0;0
"05/12/2025";"00:00:00";"207";"Sem vítima";"245,200";"BR-163/PA";"Crescente";"Colisão traseira";0;0;2;0;0;0;0;0;0;0;3;0;0;0;0
"05/12/2025";"10:29:00";"174";"Sem vítima";"1077,44";"BR-163/MT";"Crescente";"Tombamento";0;0;1;0;0;0;0;0;0;0;2;0;0;0;0
"05/12/2025";"15:58:00";"200";"Sem vítima";"1051,38";"BR-163/MT";"Crescente";"Tombamento";0;0;1;0;0;0;0;0;0;0;1;0;0;0;0
"05/12/2025";"16:43:00";"206";"Sem vítima";"897,101";"BR-163/MT";"Crescente";"Choque";2;0;0;0;0;0;0;0;0;0;2;0;0;0;0
"05/12/2025";"18:49:00";"212";"Sem vítima";"885,841";"BR-163/MT";"Crescente";"Tombamento";0;0;1;0;0;0;0;0;0;0;1;0;0;0;0
"06/12/2025";"06:22:00";"75";"Com vítima";"866,797";"BR-163/MT";"Crescente";"Tombamento";0;0;1;0;0;0;0;0;0;0;0;1;0;0;0
"06/12/2025";"13:44:00";"117";"Sem vítima";"119,081";"BR-163/PA";"Decrescente";"Colisão traseira";1;0;0;0;0;0;0;0;0;0;1;0;0;0;0
"06/12/2025";"14:43:00";"116";"Com vítima";"514,010";"BR-163/PA";"Crescente";"Colisão frontal";1;0;1;0;0;0;0;0;0;0;1;0;0;1;0
"06/12/2025";"17:45:00";"128";"Sem vítima";"426,641";"BR-163/PA";"Decrescente";"Tombamento";0;0;1;0;0;0;0;0;0;0;1;0;0;0;0
"07/12/2025";"00:29:00";"21";"Com vítima";"665,080";"BR-163/PA";"Crescente";"Choque";0;0;1;1;0;0;0;0;0;0;1;1;0;0;0
"07/12/2025";"15:44:00";"129";"Sem vítima";"423,587";"BR-163/PA";"Decrescente";"Saída de pista";0;0;1;0;0;0;0;0;0;0;1;0;0;0;0
"08/12/2025";"01:13:00";"32";"Sem vítima";"863,424";"BR-163/MT";"Crescente";"Saída de pista";0;0;0;0;0;0;0;0;0;1;1;0;0;0;0
"08/12/2025";"03:48:00";"81";"Sem vítima";"268,175";"BR-163/PA";"Decrescente";"Atropelamento de animal";0;0;1;0;0;0;0;0;0;0;1;0;0;0;0
"08/12/2025";"07:06:00";"138";"Sem vítima";"1039,04";"BR-163/MT";"Crescente";"Saída de pista";1;0;0;0;0;0;0;0;0;0;1;0;0;0;0
"08/12/2025";"14:20:00";"186";"Com vítima";"1039,78";"BR-163/MT";"Crescente";"Colisão lateral no mesmo sentido";1;0;0;1;0;0;0;0;0;0;0;3;0;0;0
"08/12/2025";"14:40:00";"187";"Com vítima";"305,615";"BR-163/PA";"Decrescente";"Queda de moto";0;0;0;1;0;0;0;0;0;0;0;1;0;0;0
"08/12/2025";"18:16:00";"196";"Sem vítima";"1030,06";"BR-163/MT";"Crescente";"Colisão traseira";0;0;0;0;0;0;0;0;0;2;3;0;0;0;0
"09/12/2025";"06:48:00";"127";"Sem vítima";"46,319";"BR-163/PA";"Decrescente";"Tombamento";0;0;1;0;0;0;0;0;0;0;1;0;0;0;0
"09/12/2025";"18:18:00";"195";"Com vítima";"1047,58";"BR-163/MT";"Decrescente";"Queda de moto";0;0;0;1;0;0;0;0;0;0;0;1;0;0;0
"09/12/2025";"21:52:00";"208";"Sem vítima";"1053,05";"BR-163/MT";"Decrescente";"Atropelamento de animal";1;0;0;0;0;0;0;0;0;0;1;0;0;0;0
"10/12/2025";"03:00:00";"96";"Sem vítima";"1027,37";"BR-163/MT";"Decrescente";"Atropelamento de animal";0;0;1;0;0;0;0;0;0;0;2;0;0;0;0
"10/12/2025";"05:02:00";"115";"Com vítima";"1033,12";"BR-163/MT";"Crescente";"Atropelamento de animal";0;0;0;1;0;0;0;0;0;0;0;1;0;0;0
"10/12/2025";"13:57:00";"176";"Sem vítima";"35,875";"BR-163/PA";"Crescente";"Capotamento";1;0;0;0;0;0;0;0;0;0;1;0;0;0;0
"11/12/2025";"00:00:00";"218";"Com vítima";"886,499";"BR-163/MT";"Decrescente";"Acidentes de outra natureza";0;0;1;0;0;0;0;0;0;0;1;0;0;0;1
"11/12/2025";"11:09:00";"195";"Sem vítima";"971,197";"BR-163/MT";"Decrescente";"Choque";0;0;0;0;0;1;0;0;0;1;2;0;0;0;0
"11/12/2025";"15:05:00";"221";"Sem vítima";"617,700";"BR-163/PA";"Crescente";"Tombamento";0;0;1;0;0;0;0;0;0;0;1;0;0;0;0
"12/12/2025";"04:24:00";"126";"Sem vítima";"860,120";"BR-163/MT";"Crescente";"Saída de pista";1;0;0;0;0;0;0;0;0;0;1;0;0;0;0
"12/12/2025";"11:49:00";"185";"Sem vítima";"611,078";"BR-163/PA";"Decrescente";"Choque";0;0;0;0;0;0;0;0;0;1;1;0;0;0;0
"12/12/2025";"14:51:00";"197";"Sem vítima";"175,100";"BR-163/PA";"Crescente";"Tombamento";0;0;1;0;0;0;0;0;0;0;1;0;0;0;0
"12/12/2025";"16:08:00";"206";"Com vítima";"924,172";"BR-163/MT";"Decrescente";"Queda de moto";0;0;0;1;0;0;0;0;0;0;0;1;0;0;0
"12/12/2025";"18:50:00";"214";"Sem vítima";"176,887";"BR-163/PA";"Decrescente";"Colisão lateral no mesmo sentido";1;0;0;0;0;0;0;0;0;0;1;0;0;0;0
"12/12/2025";"20:01:00";"218";"Sem vítima";"216,077";"BR-163/PA";"Crescente";"Atropelamento de animal";0;0;0;0;0;0;0;0;0;1;1;0;0;0;0
"12/12/2025";"20:21:00";"220";"Com vítima";"1103,40";"BR-163/MT";"Decrescente";"Capotamento";0;0;0;0;0;0;0;0;0;1;0;0;2;0;0
"13/12/2025";"05:12:00";"85";"Com vítima";"313,124";"BR-163/PA";"Crescente";"Queda de moto";0;0;0;1;0;0;0;0;0;0;0;2;0;0;0
"13/12/2025";"06:59:00";"91";"Com vítima";"1113,18";"BR-163/MT";"Decrescente";"Tombamento";0;0;1;0;0;0;0;0;0;0;0;1;0;0;0
"13/12/2025";"14:32:00";"133";"Sem vítima";"860,314";"BR-163/MT";"Crescente";"Choque";1;0;0;0;0;0;0;0;0;0;4;0;0;0;0
"14/12/2025";"05:53:00";"72";"Sem vítima";"106,063";"BR-163/PA";"Decrescente";"Choque";0;0;0;0;0;0;0;0;0;1;2;0;0;0;0
"14/12/2025";"11:19:00";"110";"Sem vítima";"671,550";"BR-163/PA";"Crescente";"Colisão lateral no mesmo sentido";0;0;1;0;0;0;0;0;0;0;1;0;0;0;0
"14/12/2025";"16:30:00";"146";"Sem vítima";"1063,30";"BR-163/MT";"Crescente";"Engavetamento";2;0;1;0;0;0;0;0;0;0;3;0;0;0;0
"14/12/2025";"21:39:00";"172";"Sem vítima";"997,776";"BR-163/MT";"Crescente";"Tombamento";0;0;1;0;0;0;0;0;0;0;1;0;0;0;0
"14/12/2025";"22:17:00";"173";"Com vítima";"35,251";"BR-163/PA";"Decrescente";"Capotamento";1;0;0;0;0;0;0;0;0;0;0;1;0;0;0
"15/12/2025";"00:31:00";"23";"Com vítima";"619,284";"BR-163/PA";"Decrescente";"Queda de moto";0;0;0;1;0;0;0;0;0;0;0;0;1;0;0
"15/12/2025";"13:31:00";"187";"Com vítima";"940,766";"BR-163/MT";"Decrescente";"Colisão traseira";0;0;3;0;0;0;0;0;0;0;0;2;2;0;0
"16/12/2025";"14:16:00";"190";"Sem vítima";"1085,43";"BR-163/MT";"Crescente";"Saída de pista";0;0;1;0;0;0;0;0;0;0;1;0;0;0;0
"16/12/2025";"14:29:00";"192";"Sem vítima";"496,500";"BR-163/PA";"Crescente";"Colisão transversal";0;0;1;0;0;0;0;0;0;1;6;0;0;0;0
"16/12/2025";"15:37:00";"200";"Com vítima";"1123,01";"BR-230/PA";"Decrescente";"Tombamento";0;0;1;0;0;0;0;0;0;0;0;4;0;0;0
"16/12/2025";"18:40:00";"208";"Com vítima";"1112,81";"BR-163/MT";"Decrescente";"Colisão lateral no mesmo sentido";0;0;2;1;0;0;0;0;0;0;2;0;1;0;0
"16/12/2025";"20:52:00";"222";"Com vítima";"1031,59";"BR-163/MT";"Crescente";"Colisão transversal";0;0;0;0;0;1;0;0;0;1;1;1;0;0;0
"17/12/2025";"08:16:00";"149";"Com vítima";"945,930";"BR-163/MT";"Crescente";"Colisão traseira";0;0;2;0;0;0;0;0;0;0;1;1;0;0;0