data;horario;n_da_ocorrencia;tipo_de_ocorrencia;km;trecho;sentido;tipo_de_acidente;automovel;bicicleta;caminhao;moto;onibus;outros;tracao_animal;transporte_de_cargas_especiais;trator_maquinas;utilitarios;ilesos;levemente_feridos;moderadamente_feridos;gravemente_feridos;mortos
"17/12/2025";"08:26:00";"150";"Sem vítima";"62,990";"BR-163/PA";"Crescente";"Colisão traseira";1;0;0;0;0;0;0;0;0;0;1;0;0;0;0
"17/12/2025";"10:44:00";"164";"Sem vítima";"280,797";"BR-163/PA";"Decrescente";"Tombamento";0;0;1;0;0;0;0;0;0;0;1;0;0;0;0
"17/12/2025";"15:55:00";"194";"Sem vítima";"921,530";"BR-163/MT";"Crescente";"Saída de pista";0;0;0;0;0;0;0;0;0;1;1;0;0;0;0
"17/12/2025";"18:29:00";"205";"Sem vítima";"913,175";"BR-163/MT";"Decrescente";"Saída de pista";1;0;0;0;0;0;0;0;0;0;0;0;0;0;0
"17/12/2025";"21:41:00";"218";"Com vítima";"624,554";"BR-163/PA";"Crescente";"Choque";0;0;0;1;0;0;0;0;0;0;0;1;0;0;0
"18/12/2025";"08:38:00";"138";"Com vítima";"988,402";"BR-163/MT";"Decrescente";"Tombamento";0;0;1;0;0;0;0;0;0;0;0;1;0;0;0
"18/12/2025";"23:25:00";"227";"Com vítima";"335,552";"BR-163/PA";"Decrescente";"Atropelamento de animal";0;0;0;0;1;0;0;0;0;0;18;1;0;0;0
"19/12/2025";"01:03:00";"6";"Sem vítima";"547,059";"BR-163/PA";"Decrescente";"Tombamento";0;0;1;0;0;0;0;0;0;0;1;1;0;0;0
"19/12/2025";"03:32:00";"81";"Com vítima";"312,792";"BR-163/PA";"Crescente";"Queda de moto";0;0;0;1;0;0;0;0;0;0;0;1;0;0;0
"19/12/2025";"11:57:00";"164";"Com vítima";"571,114";"BR-163/PA";"Crescente";"Saída de pista";1;0;0;0;0;0;0;0;0;0;0;4;0;0;0
"19/12/2025";"15:31:00";"173";"Sem vítima";"913,800";"BR-163/MT";"Crescente";"Saída de pista";0;0;1;0;0;0;0;0;0;0;2;0;0;0;0
"19/12/2025";"16:36:00";"179";"Com vítima";"498,350";"BR-163/PA";"Crescente";"Colisão lateral no mesmo sentido";0;0;3;0;0;0;0;0;0;0;2;1;0;0;0
"19/12/2025";"18:29:00";"190";"Sem vítima";"158,447";"BR-163/PA";"Crescente";"Colisão traseira";0;0;1;0;0;0;0;0;0;1;2;0;0;0;0
"19/12/2025";"18:35:00";"191";"Sem vítima";"203,000";"BR-163/PA";"Crescente";"Tombamento";0;0;0;0;0;0;0;0;0;1;1;0;0;0;0
"20/12/2025";"11:32:00";"134";"Sem vítima";"107,954";"BR-163/PA";"Crescente";"Colisão traseira";1;0;0;0;0;0;0;0;0;0;1;0;0;0;0
"20/12/2025";"19:38:00";"179";"Com vítima";"160,221";"BR-163/PA";"Decrescente";"Choque";2;0;0;0;0;0;0;0;0;0;1;1;0;0;0
"21/12/2025";"02:23:00";"57";"Sem vítima";"597,225";"BR-163/PA";"Decrescente";"Capotamento";1;0;0;0;0;0;0;0;0;0;1;0;0;0;0
"21/12/2025";"02:41:00";"59";"Com vítima";"1017,08";"BR-163/MT";"Decrescente";"Queda de moto";0;0;0;1;0;0;0;0;0;0;0;1;0;0;0
"21/12/2025";"03:43:00";"60";"Com vítima";"322,320";"BR-163/PA";"Crescente";"Queda de moto";0;0;0;1;0;0;0;0;0;0;0;2;0;0;0
"21/12/2025";"05:10:00";"81";"Sem vítima";"307,243";"BR-163/PA";"Crescente";"Saída de pista";1;0;0;0;0;0;0;0;0;0;1;0;0;0;0
"21/12/2025";"09:22:00";"108";"Com vítima";"423,357";"BR-163/PA";"Crescente";"Tombamento";0;0;1;0;0;0;0;0;0;0;0;0;1;1;0
"21/12/2025";"11:15:00";"117";"Sem vítima";"317,032";"BR-163/PA";"Decrescente";"Tombamento";0;0;1;0;0;0;0;0;0;0;1;0;0;0;0
"21/12/2025";"12:37:00";"124";"Sem vítima";"408,461";"BR-163/PA";"Crescente";"Saída de pista";1;0;0;0;0;0;0;0;0;0;1;0;0;0;0
"21/12/2025";"17:20:00";"152";"Sem vítima";"296,122";"BR-163/PA";"Crescente";"Colisão traseira";0;0;1;0;0;0;0;0;0;1;3;0;0;0;0
"23/12/2025";"08:32:00";"137";"Sem vítima";"1054,33";"BR-163/MT";"Crescente";"Colisão lateral no mesmo sentido";0;0;1;0;0;0;0;0;0;1;3;0;0;0;0
"23/12/2025";"15:34:00";"178";"Sem vítima";"925,851";"BR-163/MT";"Crescente";"Colisão lateral no mesmo sentido";0;0;2;0;0;0;0;0;0;0;2;0;0;0;0
"23/12/2025";"19:45:00";"188";"Sem vítima";"404,281";"BR-163/PA";"Decrescente";"Atropelamento de animal";1;0;0;0;0;0;0;0;0;0;1;0;0;0;0
"23/12/2025";"22:14:00";"200";"Sem vítima";"446,634";"BR-163/PA";"Crescente";"Capotamento";0;0;0;0;0;0;0;0;0;2;2;0;0;0;0
"24/12/2025";"02:17:00";"29";"Sem vítima";"559,946";"BR-163/PA";"Crescente";"Tombamento";0;0;1;0;0;0;0;0;0;0;1;0;0;0;0
"24/12/2025";"02:21:00";"30";"Com vítima";"313,468";"BR-163/PA";"Decrescente";"Capotamento";0;0;0;0;0;0;0;0;0;1;0;1;0;0;0
"24/12/2025";"11:05:00";"103";"Sem vítima";"397,721";"BR-163/PA";"Crescente";"Capotamento";1;0;0;0;0;0;0;0;0;0;1;0;0;0;0
"24/12/2025";"18:35:00";"151";"Sem vítima";"160,235";"BR-163/PA";"Decrescente";"Saída de pista";0;0;1;0;0;0;0;0;0;0;1;0;0;0;0
"24/12/2025";"18:43:00";"154";"Sem vítima";"23,165";"BR-163/PA";"Decrescente";"Atropelamento de animal";0;0;0;0;0;0;0;0;0;1;1;0;0;0;0
"24/12/2025";"22:54:00";"171";"Sem vítima";"891,700";"BR-163/MT";"Crescente";"Saída de pista";1;0;0;0;0;0;0;0;0;0;2;0;0;0;0
"25/12/2025";"02:11:00";"85";"Com vítima";"104,840";"BR-163/PA";"Crescente";"Tombamento";0;0;1;0;0;0;0;0;0;0;0;2;0;0;0
"25/12/2025";"05:14:00";"95";"Sem vítima";"954,676";"BR-163/MT";"Crescente";"Capotamento";0;0;1;0;0;0;0;0;0;0;1;0;0;0;0
"25/12/2025";"06:18:00";"97";"Com vítima";"1128,70";"BR-230/PA";"Crescente";"Choque";0;0;0;0;0;0;0;0;0;1;0;1;0;0;0
"25/12/2025";"10:21:00";"118";"Com vítima";"1102,25";"BR-163/MT";"Crescente";"Tombamento";1;0;1;0;0;0;0;0;0;1;8;16;0;0;0
"26/12/2025";"09:05:00";"143";"Com vítima";"903,062";"BR-163/MT";"Decrescente";"Engavetamento";2;0;0;0;0;0;0;0;0;0;3;1;0;0;0
"26/12/2025";"14:19:00";"165";"Com vítima";"1000,00";"BR-163/MT";"Crescente";"Choque";1;0;1;0;0;0;0;0;0;0;2;1;0;0;0
"27/12/2025";"01:47:00";"57";"Com vítima";"1034,08";"BR-163/MT";"Decrescente";"Colisão traseira";0;0;0;0;0;0;0;0;0;1;0;1;0;0;1
"27/12/2025";"09:03:00";"81";"Sem vítima";"939,392";"BR-163/MT";"Decrescente";"Engavetamento";2;0;2;0;0;0;0;0;0;1;13;0;0;0;0
"27/12/2025";"09:51:00";"85";"Com vítima";"433,105";"BR-163/PA";"Crescente";"Saída de pista";0;0;1;0;0;0;0;0;0;0;2;2;0;0;0
"28/12/2025";"04:59:00";"55";"Com vítima";"1107,40";"BR-230/PA";"Crescente";"Colisão frontal";1;0;0;1;0;0;0;0;0;0;2;1;0;0;1
"28/12/2025";"15:20:00";"122";"Sem vítima";"944,675";"BR-163/MT";"Crescente";"Colisão traseira";1;0;0;0;0;0;0;0;0;1;3;0;0;0;0
"28/12/2025";"16:55:00";"127";"Sem vítima";"948,201";"BR-163/MT";"Decrescente";"Saída de pista";1;0;0;0;0;0;0;0;0;0;4;0;0;0;0
"29/12/2025";"11:04:00";"142";"Com vítima";"995,820";"BR-163/MT";"Crescente";"Queda de moto";0;0;0;1;0;0;0;0;0;0;0;2;0;0;0
"29/12/2025";"14:45:00";"157";"Sem vítima";"438,785";"BR-163/PA";"Crescente";"Colisão traseira";2;0;0;0;0;0;0;0;0;0;2;0;0;0;0
"29/12/2025";"21:04:00";"184";"Com vítima";"609,100";"BR-163/PA";"Crescente";"Tombamento";0;0;1;0;0;0;0;0;0;0;0;4;0;0;0
"30/12/2025";"02:39:00";"95";"Com vítima";"104,120";"BR-163/PA";"Crescente";"Tombamento";0;0;1;0;0;0;0;0;0;0;0;1;0;0;0
"30/12/2025";"07:36:00";"113";"Com vítima";"922,686";"BR-163/MT";"Crescente";"Colisão lateral no mesmo sentido";0;0;1;0;0;0;0;0;0;1;2;2;0;0;0
"30/12/2025";"10:31:00";"125";"Com vítima";"873,625";"BR-163/MT";"Decrescente";"Colisão frontal";1;0;0;0;0;0;0;0;0;1;0;2;1;0;0
"30/12/2025";"16:30:00";"159";"Sem vítima";"143,520";"BR-163/PA";"Crescente";"Colisão traseira";0;0;0;0;0;0;0;0;0;1;1;0;0;0;0
"30/12/2025";"16:59:00";"160";"Sem vítima";"646,150";"BR-163/PA";"Decrescente";"Saída de pista";1;0;0;0;0;0;0;0;0;0;4;0;0;0;0
"30/12/2025";"18:54:00";"169";"Sem vítima";"646,227";"BR-163/PA";"Crescente";"Colisão transversal";0;0;1;0;1;0;0;0;0;0;2;0;0;0;0
"30/12/2025";"20:14:00";"172";"Sem vítima";"216,402";"BR-163/PA";"Crescente";"Atropelamento de animal";0;0;0;0;0;0;0;0;0;1;1;0;0;0;0
"31/12/2025";"00:00:00";"66";"Sem vítima";"1033,93";"BR-163/MT";"Decrescente";"Choque";0;0;0;0;0;0;0;0;0;1;1;0;0;0;0
"01/01/2026";"06:17:00";"58";"Com vítima";"1043,97";"BR-163/MT";"Decrescente";"Colisão lateral no mesmo sentido";0;0;1;1;0;0;0;0;0;0;1;2;0;0;0
"01/01/2026";"07:02:00";"63";"Sem vítima";"1042,23";"BR-163/MT";"Decrescente";"Saída de pista";1;0;0;0;0;0;0;0;0;0;3;0;0;0;0
"01/01/2026";"08:40:00";"72";"Sem vítima";"1033,06";"BR-163/MT";"Crescente";"Colisão traseira";0;0;0;0;0;0;0;0;0;2;4;0;0;0;0
"01/01/2026";"20:16:00";"112";"Com vítima";"570,747";"BR-163/PA";"Crescente";"Atropelamento de animal";0;0;0;1;0;0;0;0;0;0;0;0;2;0;0
"01/01/2026";"22:16:00";"121";"Sem vítima";"1106,90";"BR-163/MT";"Crescente";"Saída de pista";1;0;0;0;0;0;0;0;0;0;1;0;0;0;0
"02/01/2026";"04:05:00";"65";"Sem vítima";"924,693";"BR-163/MT";"Crescente";"Atropelamento de animal";1;0;0;0;0;0;0;0;0;0;1;0;0;0;0
"02/01/2026";"04:13:00";"66";"Sem vítima";"925,304";"BR-163/MT";"Crescente";"Atropelamento de animal";1;0;0;0;0;0;0;0;0;0;1;0;0;0;0
"02/01/2026";"10:32:00";"152";"Sem vítima";"132,604";"BR-163/PA";"Decrescente";"Saída de pista";1;0;0;0;0;0;0;0;0;0;1;0;0;0;0
"02/01/2026";"14:26:00";"166";"Sem vítima";"971,870";"BR-163/MT";"Crescente";"Tombamento";0;0;1;0;0;0;0;0;0;0;1;0;0;0;0
"02/01/2026";"18:08:00";"184";"Com vítima";"288,185";"BR-163/PA";"Crescente";"Colisão frontal";0;0;0;0;0;0;0;0;0;2;0;5;1;0;0
"03/01/2026";"09:31:00";"84";"Sem vítima";"466,223";"BR-163/PA";"Decrescente";"Tombamento";0;0;1;0;0;0;0;0;0;0;1;0;0;0;0
"04/01/2026";"06:48:00";"67";"Com vítima";"942,708";"BR-163/MT";"Decrescente";"Queda de moto";0;0;0;1;0;0;0;0;0;0;0;1;0;0;0
"04/01/2026";"09:57:00";"90";"Com vítima";"1026,80";"BR-163/MT";"Crescente";"Tombamento";0;0;1;0;0;0;0;0;0;0;0;1;0;0;0
"04/01/2026";"12:32:00";"107";"Com vítima";"872,993";"BR-163/MT";"Crescente";"Capotamento";1;0;0;0;0;0;0;0;0;0;1;2;0;0;0
"04/01/2026";"15:20:00";"117";"Com vítima";"225,260";"BR-163/PA";"Decrescente";"Saída de pista";0;0;0;0;0;0;0;0;0;0;0;0;0;0;0
"04/01/2026";"16:16:00";"123";"Sem vítima";"8,385";"BR-163/PA";"Crescente";"Saída de pista";0;0;1;0;0;0;0;0;0;0;1;0;0;0;0
"04/01/2026";"17:42:00";"128";"Sem vítima";"1023,88";"BR-163/MT";"Crescente";"Engavetamento";3;0;0;0;0;0;0;0;0;0;8;0;0;0;0
"07/01/2026";"15:25:00";"180";"Sem vítima";"671,141";"BR-163/PA";"Crescente";"Tombamento";0;0;1;0;0;0;0;0;0;0;1;0;0;0;0
"07/01/2026";"16:05:00";"182";"Com vítima";"300,653";"BR-163/PA";"Decrescente";"Colisão lateral no mesmo sentido";0;0;0;1;0;0;0;0;0;0;0;0;1;0;0
"08/01/2026";"14:37:00";"151";"Sem vítima";"617,443";"BR-163/PA";"Crescente";"Tombamento";0;0;1;0;0;0;0;0;0;0;1;0;0;0;0
"09/01/2026";"00:38:00";"2";"Sem vítima";"67,748";"BR-163/PA";"Crescente";"Saída de pista";0;0;1;0;0;0;0;0;0;0;1;0;0;0;0
"09/01/2026";"06:30:00";"109";"Sem vítima";"1128,80";"BR-230/PA";"Crescente";"Tombamento";0;0;1;0;0;0;0;0;0;0;1;0;0;0;0
"09/01/2026";"18:37:00";"192";"Com vítima";"28,017";"BR-163/PA";"Crescente";"Tombamento";0;0;1;0;0;0;0;0;0;0;0;0;1;0;0
"10/01/2026";"08:38:00";"80";"Sem vítima";"983,032";"BR-163/MT";"Crescente";"Saída de pista";0;0;1;0;0;0;0;0;0;0;1;0;0;0;0
"11/01/2026";"00:00:00";"71";"Com vítima";"1110,85";"BR-163/MT";"Crescente";"Tombamento";0;0;1;0;0;0;0;0;0;0;0;1;0;0;0
"11/01/2026";"16:25:00";"106";"Com vítima";"671,100";"BR-163/PA";"Crescente";"Colisão frontal";1;0;0;0;0;0;0;0;0;1;3;2;0;0;0
"11/01/2026";"19:18:00";"121";"Com vítima";"1030,49";"BR-163/MT";"Crescente";"Colisão traseira";1;0;0;1;0;0;0;0;0;0;1;1;0;0;0
"12/01/2026";"17:53:00";"186";"Com vítima";"983,089";"BR-163/MT";"Crescente";"Capotamento";1;0;1;0;0;0;0;0;0;0;1;4;0;0;0
"12/01/2026";"18:24:00";"193";"Sem vítima";"628,223";"BR-163/PA";"Crescente";"Saída de pista";0;0;1;0;0;0;0;0;0;0;1;0;0;0;0
"13/01/2026";"04:33:00";"71";"Sem vítima";"433,779";"BR-163/PA";"Crescente";"Tombamento";0;0;1;0;0;0;0;0;0;0;1;0;0;0;0
"14/01/2026";"19:40:00";"216";"Com vítima";"1059,57";"BR-163/MT";"Crescente";"Capotamento";1;0;0;0;0;0;0;0;0;0;0;2;0;0;0
"15/01/2026";"14:46:00";"189";"Sem vítima";"1126,05";"BR-230/PA";"Crescente";"Tombamento";0;0;2;0;0;0;0;0;0;0;6;0;0;0;0
"15/01/2026";"16:46:00";"200";"Sem vítima";"1115,19";"BR-163/MT";"Decrescente";"Saída de pista";0;0;1;0;0;0;0;0;0;0;2;0;0;0;0
"15/01/2026";"18:56:00";"211";"Com vítima";"239,959";"BR-163/PA";"Decrescente";"Colisão frontal";0;0;2;0;0;0;0;0;0;0;1;2;0;0;0
"15/01/2026";"23:08:00";"232";"Com vítima";"1057,72";"BR-163/MT";"Crescente";"Colisão lateral no mesmo sentido";0;0;0;1;0;0;0;0;0;0;0;0;0;0;1
"16/01/2026";"02:20:00";"33";"Com vítima";"310,755";"BR-163/PA";"Decrescente";"Choque";1;0;0;0;0;0;0;0;0;0;0;1;0;0;0
"16/01/2026";"03:50:00";"58";"Sem vítima";"191,112";"BR-163/PA";"Crescente";"Atropelamento de animal";0;0;1;0;0;0;0;0;0;0;1;0;0;0;0
"16/01/2026";"07:47:00";"131";"Sem vítima";"955,636";"BR-163/MT";"Crescente";"Colisão transversal";0;0;0;0;0;0;0;0;0;2;5;0;0;0;0
"17/01/2026";"11:17:00";"132";"Com vítima";"549,800";"BR-163/PA";"Crescente";"Colisão transversal";0;0;3;0;0;0;0;0;0;0;1;2;0;0;0
"17/01/2026";"19:34:00";"169";"Sem vítima";"76,342";"BR-163/PA";"Decrescente";"Colisão traseira";0;0;0;0;0;0;0;0;0;1;1;0;0;0;0
"18/01/2026";"01:58:00";"68";"Sem vítima";"1125,00";"BR-230/PA";"Crescente";"Colisão transversal";0;0;2;0;0;0;0;0;0;0;2;0;0;0;0
"18/01/2026";"07:08:00";"78";"Sem vítima";"494,498";"BR-163/PA";"Crescente";"Tombamento";0;0;1;0;0;0;0;0;0;0;1;0;0;0;0
"18/01/2026";"18:19:00";"145";"Sem vítima";"151,861";"BR-163/PA";"Crescente";"Tombamento";0;0;1;0;0;0;0;0;0;0;1;0;0;0;0
"19/01/2026";"06:48:00";"124";"Com vítima";"548,062";"BR-163/PA";"Decrescente";"Tombamento";0;0;2;0;0;0;0;0;0;0;2;2;1;0;0
"19/01/2026";"08:40:00";"140";"Sem vítima";"475,165";"BR-163/PA";"Decrescente";"Tombamento";0;0;1;0;0;0;0;0;0;0;1;0;0;0;0
"19/01/2026";"08:45:00";"142";"Com vítima";"1124,60";"BR-230/PA";"Decrescente";"Queda de moto";0;0;0;1;0;0;0;0;0;0;0;2;0;0;0
"19/01/2026";"09:02:00";"143";"Sem vítima";"896,941";"BR-163/MT";"Decrescente";"Colisão traseira";0;0;2;0;0;0;0;0;0;0;2;0;0;0;0
"20/01/2026";"01:36:00";"53";"Com vítima";"948,395";"BR-163/MT";"Decrescente";"Capotamento";0;0;0;0;0;0;0;0;0;1;0;1;0;0;0
"20/01/2026";"19:38:00";"209";"Sem vítima";"984,200";"BR-163/MT";"Crescente";"Engavetamento";0;0;2;0;0;0;0;0;0;1;3;0;0;0;0
"21/01/2026";"06:58:00";"130";"Com vítima";"625,000";"BR-163/PA";"Crescente";"Colisão transversal";0;0;0;1;0;0;0;0;0;1;1;1;1;0;0
"21/01/2026";"10:43:00";"172";"Com vítima";"971,347";"BR-163/MT";"Crescente";"Colisão lateral no mesmo sentido";1;0;2;0;0;0;0;0;0;0;2;1;0;0;0
"21/01/2026";"15:44:00";"203";"Com vítima";"313,192";"BR-163/PA";"Decrescente";"Tombamento";0;0;3;0;0;0;0;0;0;0;2;1;0;0;0
"22/01/2026";"07:54:00";"146";"Sem vítima";"38,134";"BR-163/PA";"Decrescente";"Tombamento";0;0;1;0;0;0;0;0;0;0;6;0;0;0;0
"22/01/2026";"08:22:00";"151";"Sem vítima";"1037,40";"BR-163/MT";"Crescente";"Colisão traseira";0;0;0;0;0;0;0;0;0;2;2;0;0;0;0
"22/01/2026";"08:58:00";"153";"Com vítima";"413,538";"BR-163/PA";"Crescente";"Engavetamento";1;0;0;0;0;0;0;0;0;0;0;1;0;0;0
"22/01/2026";"18:31:00";"207";"Sem vítima";"1034,86";"BR-163/MT";"Crescente";"Colisão traseira";1;0;0;0;0;0;0;0;0;1;2;0;0;0;0
"23/01/2026";"00:00:00";"229";"Sem vítima";"1004,68";"BR-163/MT";"Decrescente";"Capotamento";1;0;0;0;0;0;0;0;0;0;1;0;0;0;0
"23/01/2026";"00:48:00";"18";"Com vítima";"104,222";"BR-163/PA";"Decrescente";"Tombamento";0;0;1;0;0;0;0;0;0;0;0;2;0;0;0
"23/01/2026";"07:55:00";"156";"Sem vítima";"907,500";"BR-163/MT";"Crescente";"Saída de pista";1;0;0;0;0;0;0;0;0;0;3;0;0;0;0
"23/01/2026";"10:23:00";"183";"Sem vítima";"1127,60";"BR-230/PA";"Decrescente";"Tombamento";0;0;1;0;0;0;0;0;0;0;1;0;0;0;0
"23/01/2026";"12:17:00";"202";"Sem vítima";"35,900";"BR-163/PA";"Crescente";"Tombamento";0;0;1;0;0;0;0;0;0;0;1;0;0;0;0
"23/01/2026";"14:14:00";"216";"Com vítima";"1102,33";"BR-163/MT";"Crescente";"Capotamento";0;0;1;0;0;0;0;0;0;0;0;0;0;0;1
"23/01/2026";"15:17:00";"221";"Sem vítima";"964,300";"BR-163/MT";"Crescente";"Colisão traseira";0;0;2;0;0;0;0;0;0;0;2;0;0;0;0
"23/01/2026";"19:50:00";"238";"Com vítima";"982,501";"BR-163/MT";"Crescente";"Colisão traseira";0;0;1;1;0;0;0;0;0;0;1;0;0;0;1
"23/01/2026";"21:49:00";"243";"Sem vítima";"872,629";"BR-163/MT";"Decrescente";"Saída de pista";0;0;1;0;0;0;0;0;0;0;1;0;0;0;0
"24/01/2026";"14:22:00";"129";"Com vítima";"500,357";"BR-163/PA";"Crescente";"Tombamento";0;0;1;0;0;0;0;0;0;0;0;1;0;0;0
"24/01/2026";"15:17:00";"121";"Sem vítima";"960,866";"BR-163/MT";"Decrescente";"Capotamento";0;0;0;0;0;0;0;0;0;1;1;0;0;0;0
"24/01/2026";"19:35:00";"159";"Com vítima";"201,286";"BR-163/PA";"Crescente";"Saída de pista";0;0;1;0;0;0;0;0;0;0;0;1;0;0;0
"25/01/2026";"04:33:00";"63";"Sem vítima";"1127,86";"BR-230/PA";"Crescente";"Choque";0;0;1;0;0;1;0;0;0;0;2;0;0;0;0
"25/01/2026";"16:49:00";"149";"Sem vítima";"989,490";"BR-163/MT";"Decrescente";"Saída de pista";0;0;1;0;0;0;0;0;0;0;0;0;0;0;0
"25/01/2026";"18:11:00";"154";"Com vítima";"618,654";"BR-163/PA";"Decrescente";"Queda de moto";0;0;0;1;0;0;0;0;0;0;0;1;0;0;0
"25/01/2026";"19:34:00";"163";"Com vítima";"633,696";"BR-163/PA";"Crescente";"Queda de moto";0;0;0;1;0;0;0;0;0;0;0;1;0;0;0
"26/01/2026";"07:55:00";"148";"Com vítima";"1102,31";"BR-163/MT";"Decrescente";"Tombamento";0;0;2;0;0;0;0;0;0;0;0;0;1;0;0
"26/01/2026";"12:30:00";"178";"Com vítima";"382,679";"BR-163/PA";"Crescente";"Capotamento";1;0;0;0;0;0;0;0;0;0;0;1;0;0;0
"26/01/2026";"13:30:00";"185";"Sem vítima";"535,010";"BR-163/PA";"Decrescente";"Saída de pista";0;0;0;0;0;0;0;0;0;1;1;0;0;0;0
"26/01/2026";"13:35:00";"187";"Com vítima";"930,968";"BR-163/MT";"Decrescente";"Colisão lateral no mesmo sentido";0;0;2;0;0;0;0;0;0;0;1;0;1;0;0
"26/01/2026";"15:29:00";"198";"Sem vítima";"1108,94";"BR-163/MT";"Decrescente";"Choque";0;0;1;0;0;0;0;0;0;0;1;0;0;0;0
"26/01/2026";"15:48:00";"200";"Sem vítima";"646,532";"BR-163/PA";"Crescente";"Saída de pista";0;0;1;0;0;0;0;0;0;0;1;0;0;0;0
"27/01/2026";"02:40:00";"45";"Sem vítima";"348,425";"BR-163/PA";"Decrescente";"Saída de pista";0;0;0;0;1;0;0;0;0;0;28;0;0;0;0
"27/01/2026";"19:11:00";"215";"Sem vítima";"951,345";"BR-163/MT";"Crescente";"Colisão transversal";0;0;1;0;1;0;0;0;0;0;2;0;0;0;0
"28/01/2026";"03:39:00";"88";"Sem vítima";"146,176";"BR-163/PA";"Decrescente";"Tombamento";0;0;1;0;0;0;0;0;0;0;1;0;0;0;0
"28/01/2026";"08:33:00";"163";"Com vítima";"899,267";"BR-163/MT";"Decrescente";"Choque";1;0;0;0;0;0;0;0;0;0;2;1;0;0;0
"28/01/2026";"14:23:00";"195";"Sem vítima";"240,563";"BR-163/PA";"Decrescente";"Choque";0;0;2;0;0;0;0;0;0;0;2;0;0;0;0
"28/01/2026";"18:00:00";"219";"Sem vítima";"507,122";"BR-163/PA";"Decrescente";"Colisão traseira";0;0;2;0;0;0;0;0;0;0;1;0;0;0;0
"29/01/2026";"05:55:00";"133";"Sem vítima";"94,307";"BR-163/PA";"Decrescente";"Tombamento";0;0;1;0;0;0;0;0;0;0;1;0;0;0;0
"29/01/2026";"15:09:00";"200";"Com vítima";"558,140";"BR-163/PA";"Crescente";"Tombamento";0;0;1;0;0;0;0;0;0;0;0;1;0;0;0
"29/01/2026";"15:51:00";"205";"Sem vítima";"240,971";"BR-163/PA";"Crescente";"Colisão lateral no mesmo sentido";0;0;2;0;0;0;0;0;0;0;2;0;0;0;0
"30/01/2026";"07:31:00";"146";"Sem vítima";"547,420";"BR-163/PA";"Crescente";"Tombamento";0;0;1;0;0;0;0;0;0;0;1;0;0;0;0
"30/01/2026";"17:21:00";"194";"Sem vítima";"868,480";"BR-163/MT";"Crescente";"Colisão lateral no mesmo sentido";1;0;1;0;0;0;0;0;0;0;2;0;0;0;0
"31/01/2026";"10:34:00";"150";"Sem vítima";"1106,02";"BR-230/PA";"Crescente";"Tombamento";0;0;1;0;0;0;0;0;0;0;1;0;0;0;0
"31/01/2026";"11:45:00";"160";"Sem vítima";"622,050";"BR-163/PA";"Crescente";"Colisão transversal";0;0;2;0;0;0;0;0;0;0;2;0;0;0;0
"31/01/2026";"12:12:00";"162";"Sem vítima";"1125,00";"BR-230/PA";"Decrescente";"Colisão lateral no mesmo sentido";0;0;3;0;0;0;0;0;0;0;3;0;0;0;0
"31/01/2026";"13:19:00";"170";"Sem vítima";"158,000";"BR-163/PA";"Crescente";"Colisão transversal";0;0;0;1;0;0;0;0;0;1;2;0;0;0;0
"31/01/2026";"13:32:00";"171";"Sem vítima";"553,000";"BR-163/PA";"Decrescente";"Tombamento";0;0;1;0;0;0;0;0;0;0;1;0;0;0;0
"31/01/2026";"17:10:00";"195";"Sem vítima";"1009,99";"BR-163/MT";"Decrescente";"Colisão lateral no mesmo sentido";1;0;1;0;0;0;0;0;0;0;2;0;0;0;0
"31/01/2026";"17:14:00";"196";"Com vítima";"312,087";"BR-163/PA";"Decrescente";"Queda de moto";0;0;0;1;0;0;0;0;0;0;0;1;0;0;0
"31/01/2026";"18:48:00";"202";"Com vítima";"890,335";"BR-163/MT";"Decrescente";"Choque";0;0;0;0;0;0;0;0;0;1;0;1;0;0;0
"31/01/2026";"23:10:00";"212";"Com vítima";"206,462";"BR-163/PA";"Crescente";"Queda de moto";0;0;0;1;0;0;0;0;0;0;0;1;0;0;0